Mr. Bumble,Sunforest,spotify:track:5TJjLoQ5v0mGuYDlo3MxDL
That Kind of Livin',Gram Parsons,spotify:track:5xhiZTx1xwcrhgJ7MdRleS
Multiplication,Eric Gale,spotify:track:2tW4cVrTLbT181PjJZkwfk
Cajun Baby,Living Voices,spotify:track:0u5XBxnvRSLpKb26jzDJaq
Between the Lines,Flamin' Groovies,spotify:track:4THASECp2TRAyMCDyfp4ac
Hot Sand,Shocking Blue,spotify:track:5tXD2O9wWPnWghbrWSltsD
Baba O'Riley - Remix,The Who,spotify:track:0TzCim4sBQZ9N0AAG25lOM
A Day Like Today,Irish Coffee,spotify:track:7JPtFfcRXbTNSAwgdHrHo4
Live In Me,Rufus & Chaka Khan,spotify:track:5PmfFUaNTDqUnhiaOB4omT
"Between The Worlds - Single Version, 2019 Remaster",Be Bop Deluxe,spotify:track:1CqlgryPoPlDHLgeyrkemq
"Feelin' Alright - Live at Universal Amphitheater, Los Angeles, CA - 1975",Dave Mason,spotify:track:1EpNicLvl0fmssAOAxBIfW
Stay Still,Ronnie Laws,spotify:track:6x8lPxzvMISY1OmFoGDXWn
Sunday's Best,Elvis Costello & The Attractions,spotify:track:0IhFcpQCNgJ583F6hTRYNK
Oh Mommy - Live,Brewer & Shipley,spotify:track:37svm7F6UtXIXW2gYmeuGQ
First,Ugo Fusco,spotify:track:6asVQz0CLh35jiKPQeqQ7T
Baby I'll Give It To You - Live,Seals and Crofts,spotify:track:2NLa7NKElfMjctOtgYkDEw
Lost in the Midway,Jimmie Spheeris,spotify:track:2DWhDLloA6EddqFQTnkRtB
Innocence and Guilt - 1997 Remaster,Steve Harley,spotify:track:5teNQIWqR9fNfmGcGQwERN
Aime-moi,Patsy Gallant,spotify:track:3uYqb4woge04WW3qrQlkDQ
Walkin' the Dog,The Sonics,spotify:track:1pPGQdGD3gXLZm2Y1DgiHo
Don't Think Twice (It's Alright),Frankie Valli & The Four Seasons,spotify:track:4zPwfUr5c9PGlpd8d8bmoG
Glendale Train - Remastered Live Version,New Riders of the Purple Sage,spotify:track:0lUgy3uM3pJPJtIGb6ckwB
I Don't Want Nobody,Randy California,spotify:track:69i3LQEovj3sVnIs5s8ZYe
Going home,Stefano Torossi,spotify:track:1rh4ZXEzdKdAS8ZpUFNR4a
Están Desubicados,Dias De Blues,spotify:track:4UwtfudYrACpKn5UxpVdfm
The India Song,Big Star,spotify:track:5slyc2cJn0VXgXRN1rU54o
Stoned Soul Picnic,The Village Callers,spotify:track:2Aaa2ABKeeHqLtWaeoNq7O
Shorty Takes a Dive,Dan Hicks & His Hot Licks,spotify:track:5uRMfUyyxRbFhwLhRVHoP0
Love Affair,Patsy Gallant,spotify:track:0gQYw6VB7Qek6FDPZS9v9E
Sometimes Love,Lenny Williams,spotify:track:5IulxroLCcnjJu4mnmKW4u
I'm Going Home,The Sutherland Brothers,spotify:track:7MYypRfdw7iqPxQ2zmpsNn
White Heat,Barry Miles,spotify:track:2yUJANM4Ab92Ru8WqBV5zX
One Morning,Brainticket,spotify:track:3fbz2pnPRQ3HUte8exWCfY
Behind The Mind,The Freak Scene,spotify:track:2q05ZNSPp88D69LU6TAaA2
She Darkened The Sun,Dillard & Clark,spotify:track:2boMDhDaz5RVKVbvv70wGr
Absolute Zero - Live,The Ozark Mountain Daredevils,spotify:track:6GthE3qxqySIma4vbHTril
Deportation,Eric Morris,spotify:track:0V3ixFl6ZxAtqNiiB4pImD
Hazard Profile Part 1,Soft Machine,spotify:track:7J2kYMUtOIzKU9Tpd6YDYX
Changing Days,Ramatam,spotify:track:4UOuBffAWVKtBLZ1fIPPoP
The Song,Ertlif,spotify:track:1m0naritoscFl5YvXEX0Xm
Der große krieger,Popol Vuh,spotify:track:3zowSPAMoHXHZr3i0iptIQ
Day In - Day Out - Live,Judy Garland,spotify:track:192N4VZhsRILQcMxit639g
Les Vangauguins,Jacques Dutronc,spotify:track:6Iaa0nYaYTEmtW46sf1rb2
Drugsen's Trip,Kin Ping Meh,spotify:track:6Gbw05U3ZjE31SiErkPxe2
Cool Breeze,The Jeremy Spencer Band,spotify:track:3YVTmWQvPWVSktD0DhtSYQ
Girl Can't Help It,Mick Ronson,spotify:track:2uNSZYKW9CLrIqMiUO8PTi
You'll Never Get to Heaven (Stereo Version),Twice As Much,spotify:track:7BFvYuIsaMjtb4bpoMRqiQ
Roadside Welcome,Rare Bird,spotify:track:5GwtvsQug58kvhqHuN0Tjz
No One Yet,Marlena Shaw,spotify:track:3MNtvBSJw7L83axPaEfb0A
"East End, West End",Eric Gale,spotify:track:5qxMymIo0skB5aNfRE0Lbu
Honey Chile,The Jackson 5,spotify:track:2Q5prZghdYUD3YZvSEI9Vl
Think About Me,Marlena Shaw,spotify:track:0tdubD3Xs0abEF4bjJFg08
Double Lovin´,Aynsley Dunbar Retaliation,spotify:track:1TrvuBGqATex8EHajEHrqo
The Power and the Glory,Weldon Irvine,spotify:track:1QCJasXy3h9LWLqX8sub4P
The Hurt,Yusuf / Cat Stevens,spotify:track:0ssyUYzev6ulxNWQcAPk6m
Just For A Moment,Ronnie Wood,spotify:track:4o2ARLU2ALFpK0Yb9FUPqo
March Across the Land,Voices Of East Harlem,spotify:track:0o7u1sc9ZQYoQrpnGnuveU
Child At Play,The Advancement,spotify:track:0FoEdUkjZv0LyC1qQ8mtID
The Pointed Man - Narration,Harry Nilsson,spotify:track:1Db5YKbyraOfnQX9boBbfm
Good Golly Miss Molly,The Sonics,spotify:track:7Iu9BzSnDs5en16EHrktyT
Bombsite Boy,The Adverts,spotify:track:5tTw309qXBhRkqVQ2P0umc
Come Into Knowledge,RAMP,spotify:track:0tYUhYK66U9sRGBjqpZJxc
Sing To Me,Marlena Shaw,spotify:track:1dIHKoFW2XdQfT6qLRr4On
Momentum,Harold Fisher,spotify:track:0bgn4oinhPMrKzEPotVzPV
Shopping Bag Menagerie,Rotary Connection,spotify:track:4AkAWbOphRRKjFWwr1KIEA
The Biggest Prize In Sport,999,spotify:track:6KcODQAxenK2PILuKLHKwg
5 Definitions Of Love,Spanky & Our Gang,spotify:track:6JWp7h7Snda0GPgbN9P6II
"No Fun - Unedited Version, October 1976",Sex Pistols,spotify:track:4oFjQ7mUEcRnIGrZd3bcUo
Seaside Special,Sam Fonteyn,spotify:track:2l5Be1ZO1XfEqlIGzRZQVX
Marsha Mamaillia,Barnaby Bye,spotify:track:3dSy1HYefppvYPWArOT3cw
Times,Rare Bird,spotify:track:2UDrcH0B19XYOU0XaFV9QI
Gedenkminute (fuer A+K),NEU!,spotify:track:66RE8UHmlMwTTJclCLMctJ
Heartless,Ronnie Foster,spotify:track:0N1Oox1uVME157ST8JKbc7
Oh to Love You,"Beck, Bogert, Appice",spotify:track:6pOJq6BPcw2G9Gftl2m7ER
Games People Play,The Chi-Lites,spotify:track:45OAOAexgMl45HA8wrpUxi
Boogie,Eulenspygel,spotify:track:1aIjQARg0WNSRi9MOnZVCg
Save the Children,Gil Scott-Heron,spotify:track:0tq9Wk9a8WtCxHEDUoPHRp
Baby Don't You Do It,The Who,spotify:track:0eUyu0pizj9nAxGMjmT3my
Around & Around,Flamin' Groovies,spotify:track:51z2Tr3dcNOPCk7sSjVIBG
Boy from Witbank,Sonny Fortune,spotify:track:20LyX88qTyU4Ws9YmJV5Rm
Spitzenqualität,NEU!,spotify:track:2JzrqPOl5RQYODxArteIij
Hare Krishna,Alice Coltrane,spotify:track:1dQ691F7ixVFl9sTXM77XZ
Overdog,Keef Hartley Band,spotify:track:142tCVlceQeYzzGVwNnj8A
I'm Gonna Sleep With One Eye Open,Jim Rooney,spotify:track:5kdo9EPJVRRBsIEYrDRTlG
Bruton Town - Bonus Track: Alternate Version,Pentangle,spotify:track:2pikwmjvGepxMlrw7V82GJ
Metal,Jeff Resnick,spotify:track:4VaxjJtdPjBZJKyiu6UCM9
Put The Money Down,The Who,spotify:track:5JvNTY3crh3qahUCjN8bvt
I'm Thinking,Rare Bird,spotify:track:3NKCZlMV8fX8iboe5peJXO
Lady of the Lake - 2014 Remaster,Jade Warrior,spotify:track:0UVncE8Dnxml20OKZEFwGK
Lucy in the Sky with Diamonds,Rainbow Ffolly,spotify:track:2evTo2DceDW1WmN4KxHkxn
Ain't Nobody Else Like You,Cass Elliot,spotify:track:7l5BTHQXkTQxZjc9HyoN3h
Winter is Blue - Extract 1 (2017 Remaster),Vashti,spotify:track:4v9eZNKU362aSXFsQYMyzU
Flight Of The Snow Goose - Single Edit,Camel,spotify:track:03CfI0TbFBmKzEicpEbzpL
Orchestrion,Michael Rother,spotify:track:5grj7G27dLug28lSPPYC7l
West Cow Story,Francesco De Masi,spotify:track:6oID9bcJDZdBzZDnpAMKTL
"Joie De Vivre - Swedish Radio Concert, 1975",Greenslade,spotify:track:3XIFrCIEzzlEhHw2IZYiMv
How Many Times,Yusuf / Cat Stevens,spotify:track:5HLmunnPy4JHv4ZqRrhQNp
Tell Me You're Satisfied,Goliath,spotify:track:7Ik7hxCAtH3MeKevNoFLvo
Freelance Fiend,Leaf Hound,spotify:track:2IENiPNTterTWliYOPogQS
I'm so Glad,Traffic Sound,spotify:track:1gFfavXHJ0wFOi8nq8x73w
Highway Blues,Roy Harper,spotify:track:6j8MDDk8fzMjto83W7mrzC
Put The Money Down,The Who,spotify:track:179HToT3PShYcd9TquhB8f
Seq. 23,Giovanni Fusco,spotify:track:5w1oTcQtYlLxdPX6xe0LzP
Bush Doctor (Remastered) - Live,Peter Tosh,spotify:track:0GX1DDAdJYSDQqPrSH8q7r
Annabelle Lee,The Groop,spotify:track:2bkgin5rTQPXoTLLrfRJ0b
Madame du Barry,Jeff Simmons,spotify:track:1aYsCoP16Axnbajdat3ECj
Blast Off - Demos & Garage Rehearsals,The Master's Apprentices,spotify:track:24u4XBDKxqj6k28gFweEdN
Solen (Parallellt Eller 90 Grader),Bo Hansson,spotify:track:5toVOjFVDs5fIPE7xJ6TBe
Who Are They,Graham Gouldman,spotify:track:0H85yPzhL1UK6Y6uz4HVW6
Autumn Song - Remastered,Steamhammer,spotify:track:4lxB6DmT6vnbf3bXl4x2uu
Stranger In Paradise,Gene Harris,spotify:track:1fORuxKlRTheaaEkb9hiAU
Distillation,Blue Phantom,spotify:track:6Te5pKN0knE6AH6vfpOH2E
Run On See What The Ends Gonna Be,Lenny Williams,spotify:track:4LF8o5cKRzgTHJPtX2j9zB
Bright Light,Silverhead,spotify:track:6fy9fdtLTGJfxqIDUWyZvG
But I Might Die Tonight,Yusuf / Cat Stevens,spotify:track:6BpA64rXianuOj1O9DbSvw
Backstreet Luv,Curved Air,spotify:track:1d4lS5M1URec80lUeRqUsn
Insight - 2007 Remaster,Joy Division,spotify:track:29h7LCQx7pMeTBTnhP0ePQ
Love Talkin',Gene Harris,spotify:track:2wkU6RhV8p4d3ZiKVfll3P
Istmo,Ugo Fusco,spotify:track:3sUTWgDO1OvvISNVyfbXKg
No Sea Que Caigas Mendigando,Contraluz,spotify:track:5KXBdIF94ZxKEXvvnRViWy
Come To The Reunion,Country Joe & The Fish,spotify:track:3wG2iSfDWAESWzjzdjfvR5
Bride of Summer - 2014 Remaster,Jade Warrior,spotify:track:1aZ922R91mGM5T4rcNiDHq
"Gone, Gone, Gone",Carl Perkins,spotify:track:6vAH7XJksUDQmVWoD7NQ5j
O' Baby (I Believe I'm Losing You),Billy Hawks,spotify:track:6vJCfp5FWFiiLpp8l8azbp
Summer Days,The Partridge Family,spotify:track:0KKOt7EldAjKW0olUf0oiq
Make The Music Pretty,The Sidewalk Sounds,spotify:track:04ltR77vyPhL6LtAwWY5F6
Pauvre Lola,Serge Gainsbourg,spotify:track:4jlnZ5KeriIY6e4FPRuejS
Movin',Gene Page,spotify:track:1eyl9PyTKgycLWIONTbltw
Lost Someone - Live At The Apollo Theater/1967,James Brown & The Famous Flames,spotify:track:21FGi5eOuf1XBa1VQkgwOd
Queen Of My Nights,The Blues Magoos,spotify:track:51Xu8xee3mb4Wwim31Y51q
(If You're Gonna) Break Another Heart,Cass Elliot,spotify:track:21zsJOqm0GrrSsklCAqwvi
Cocktails,Dennis Wilson,spotify:track:4eDDCaGnWlxPx786jwKmRz
Be Real,The Kay Gees,spotify:track:4QsTiPj2LmWLHszra73qIP
Sinbad,Weldon Irvine,spotify:track:1cZ7NCXlGhz4RTGgLHZ7Ow
Who's Lovin' You,The Jackson 5,spotify:track:1kmwke8FwiWr0GNDDWl4S5
Sfida mortale,Lavagnino Angelo Francesco,spotify:track:4i4cjFNq2FzgAHbEbOsir9
Ordinary Guy,Joe Bataan,spotify:track:3vNblNGDPac9XbvwFwCe8Z
Fallen Favorite,Chris Hillman,spotify:track:5EWMshGs3rlHrMJBXSUEn4
Tashiro,Skyline,spotify:track:1WES5NDVz1KKK99gs9czWx
"Gator Country - Miami Jai-Alai, Fronton FL - WSHE-FM April 29th '79",Molly Hatchet,spotify:track:3fH2S4hNIGuEXqgg5o17IR
Crusin',The Sutherland Brothers,spotify:track:6IkVwA9rcGnm6CIQqMYTaT
"Motivo di Giorgia, pt. 2",Gianfranco Plenizio,spotify:track:3pBsyMw1YlryqIQfYsypIN
Come Down In Time,Al Kooper,spotify:track:36Lg3aYselz0u7tfHLpD4g
Má-Lida,Di Melo,spotify:track:7jWlZivu1xk20nBEboxyhm
Pericolo,Roberto Pregadio,spotify:track:7yZdlE5Jjp96FgQIRZXoEa
2 + 2 = 5,Haikara,spotify:track:3eVOgKDKnissb4CHXIQi9q
Love At Its Best,The Chi-Lites,spotify:track:2rtMJa6H4NbmnCYQBIu6gS
Self,Quintessence,spotify:track:05D00tzXlFcJODWILNJoUL
Strange About the Hands,Sensations Fix,spotify:track:3twZQ6YyLMlFSYmZNJ4bHv
High School,MC5,spotify:track:68gliAoTqB2ykfVh1N18PS
Acknowledgement (feat. Something Sweet),The Kay Gees,spotify:track:27MJuCFi8xF3naDOJvKI1S
Fire and Rain,Maxine Weldon,spotify:track:4FlQmBzWCvhWxkdpknAeJF
Baby I Love You,Wynder K. Frog,spotify:track:2xxV5fLLeaJ21hF3gm7xVT
Don't Call Her No Tramp - Previously Unreleased Bonus Track,Betty Davis,spotify:track:1ylz7WuhzrvBbwlHAf7unv
Back Again,Karthago,spotify:track:2vr0qOIne4ampV6gjiz8Ys
Pentangling,Pentangle,spotify:track:5cnDgWUHp3ol6laFamEi6z
Nicky - Remastered,Lafayette Afro Rock Band,spotify:track:34CfLHNWF51qiqspnzz54P
"Dirty Business - Live at Fillmore West, San Francisco, CA - Feb 28, 1971",New Riders of the Purple Sage,spotify:track:0XatRUx8jDfyDP0zAV7ow0
Billy Come Lately,The New Dawn,spotify:track:5ktpPMZTvFu8MXFNI2ICjt
Sette contro tutti 16,Francesco De Masi,spotify:track:1jHe3wssfINMJK6WwjeBtj
I Really Don't Want to Know,Perry Como,spotify:track:4m0MdNCxcdMguC3eiOXXbn
All the Money,Bobby Charles,spotify:track:44ENmWvaX1fwj2dpspTjeC
I Woke Up In Love This Morning,David Cassidy,spotify:track:4NfNr2aOxfZkkDHue5gjKf
Let Nature Sing,Richard Betts,spotify:track:00ocWFudP9Ly3wZd82z5Tp
Woodstock,John & Beverley Martyn,spotify:track:14fx09GagAYs1xs7BY8y1x
Why Do We Have to Hurt Our Heads,Murray Head,spotify:track:4SYBpZroyUF4KlPDqpBphH
Cheek to Cheek,The Kay Gees,spotify:track:139h51jlUWKF2HcO50rVYd
North to Alaska,NRBQ,spotify:track:58ZR8hPRvWhL3EnwtnRASA
One Toke Over the Line,Brewer & Shipley,spotify:track:5NU6nNizcd38J1xJi1tGXE
"Blank Expression - BBC in Concert: Live at Paris Theatre, 15 December 1979",The Specials,spotify:track:3LHVOrM4tpaZ1KTCEZ3ZO9
E così divennero i 3 supermen del west - seq. 7,Roberto Pregadio,spotify:track:6TlOgOlFEVWiblnkgle4l4
Sad Is The Hunter,The Groundhogs,spotify:track:1OB1b9M9YJf77AG80hJNT1
Prayer 76,Gene Harris,spotify:track:6KOGj3RuSSRxF2nTRkfQCX
Man At The Top,Legs Diamond,spotify:track:6rf9pJVQMILFFSf7HAxor0
Aceito Tudo,Di Melo,spotify:track:0qLoyuVr5soKdhcqyv6Et3
Discotheque People,Made In Sweden,spotify:track:52ApAWTDqFLTYmFGFylmDf
Gonna Have a Good Time,John Scoggins,spotify:track:4uAzxwpPkp9Vj2nptVdSn4
Down With Love,Judy Garland,spotify:track:787sugLLKhm466OhFOlC9q
Seeing It as You Really Are - 1996 Remaster,Hawkwind,spotify:track:2W9VVOGKlJNwnf4DJoxZcD
Mrs Coopers Pie,Writing On The Wall,spotify:track:6K91bFyIKpwN6idSt12ecw
Lonesome Cowboy Bill - 2015 Remastered,The Velvet Underground,spotify:track:0QcCTtkuZHE2dUMTz1yoAr
"Capsule In Space - From ""You Only Live Twice""",Roland Shaw And His Orchestra,spotify:track:4fgoz7X1hgKMZQI0LFPhqK
"Tripe Face Boogie - Live at the Rainbow Theatre, London, UK, 8/3/1977",Little Feat,spotify:track:4anMYHXgTxV06prijpZt46
Fitter Stoke Has A Bath,Hatfield & The North,spotify:track:7mnw1JkFCDGBWmUzZlixau
Para-Dice,A Foot In Coldwater,spotify:track:37CZ6GqpD2FBPldeN6Nbec
Let It Be You,Harold Melvin & The Blue Notes,spotify:track:2pRwxxfL7nukIVH035gNHH
Rush Hour,The Blues Magoos,spotify:track:6dle64V1VtnL1Til91T7T2
Ken Russell,David Axelrod,spotify:track:5B7oekwIqd6z5fq0kwjCLM
I Don't Mind,James Brown & The Famous Flames,spotify:track:2ccAMXmyEIP9JUIWSsTZFA
The Grip of Love,Tom Verlaine,spotify:track:6hpLHgG7mOuRToeXcEoB95
Dindi,Jon Lucien,spotify:track:73qG2SM2McNpafpPY8U1ND
Preaching Violence,Third World War,spotify:track:7L2JdUUJvQlKQorcCMkppe
A New Rock and Roll,Frank Marino & Mahogany Rush,spotify:track:6lr8Io6fgeemaaIToxlD11
Joey Ferrari,Good Rats,spotify:track:3swE3iWRxxXWJqooGd1TBP
Taboo,999,spotify:track:114YqYxXJDBFog0m4DzUu7
Rubylove - Demo Version,Yusuf / Cat Stevens,spotify:track:29YB2Wc4Bd39mgeOAFx00X
Power,Elephants Memory,spotify:track:4jZ2JlHKwUxlwYMzlk4tkm
This Time I'll Be Sweeter,Angela Bofill,spotify:track:783acjnPgXeA9r2ZdcuYsA
African Sun,Sunbirds,spotify:track:05NLKEi0hBeHZKNSifjHda
Sunken Skies,Jimmie Spheeris,spotify:track:4wIPxjT7V6ePxsVpw2x9Cg
20th Century Break,Missus Beastly,spotify:track:3SWFtoJ04tdeCfhfJEQTgn
Sweet Sweet Surrender,"Beck, Bogert, Appice",spotify:track:2rMWLMLsXw1SBpKDmSXllI
Protex Blue - Remastered,The Clash,spotify:track:13kmaAS77f3Ly94fmxPZ7j
Air Voice - Live,Stomu Yamash'ta,spotify:track:2TiNsvmORajd89RqNKfzSZ
Someone's Rocking My Dreamboat,Murray Head,spotify:track:62AvzXkIIxqTXVh0f8m2uL
Thousands On A Raft,Pete Brown & Piblokto!,spotify:track:6vG2L7T2Wxs9NB3A4vx0dP
I'm A Lover Not A Fighter,Stack Waddy,spotify:track:7iV7txw6EGvtdUpsI7lD8b
Sette contro tutti 2,Francesco De Masi,spotify:track:384r3cuHZ1YiIbNqK90oD0
The Easy Way,Sam Fonteyn,spotify:track:4JS6iuxVkbhyGNrLaDLi1g
Emily's (Salle De Dance),Frankie Valli & The Four Seasons,spotify:track:5tnm4SMBzHcnFF6dnVNNJ7
Don't Knock My Funk,Bobbi Humphrey,spotify:track:2h1pW0DHsT8TL0qVTRh74V
Walk The Rockway,Rufus & Chaka Khan,spotify:track:3BfMfGbKFCLdFyWGEZXZSS
True Love,kalapana,spotify:track:0vLHXW6gwm47vxkwIX0aFf
Those Rumours,Tages,spotify:track:3rcZj51oIo2pTMLTa9WLlu
Tutti - Frutti,Carl Perkins,spotify:track:5F048LJUE7TzkyHKWcCGRu
Gibsom Street,Laura Nyro,spotify:track:2LSEVW4XOmskQYUp2ix4RI
Koko And Lee Roe,Gene Harris,spotify:track:1a9jvztkrfGkZex7YkLBa7
Senza appello,Lesiman,spotify:track:4u4djog3NSLTiJKvCYKcuJ
Rheinhardt and Geraldine / Colores Para Dolores - 2003 Remaster,Kevin Ayers,spotify:track:4XSEYHff17sz4RfDlBBacO
The Time of Year Is Sunset,The New Colony Six,spotify:track:7BwhB5HqBKUKb4zJ9kqJXO
Are You My Woman? (Tell Me So),The Chi-Lites,spotify:track:7B32ckntos5QYbV9o7GF3q
Strayed In Babylon,Keith Hudson,spotify:track:6RYT2gUb2mUiVfMDbXCdeu
I Was Robbed Last Night - Live,The Electric Flag,spotify:track:1fyVyjHZou25zJ4OGpWd8F
"Fuzzy, Don't Go To The Disco",Missus Beastly,spotify:track:1VZwggKvLir4e72oy1j4it
Starglow Energy,Captain Beyond,spotify:track:3MeXxbycxivCGdfZj2DJht
That's All Folks,The Blues Magoos,spotify:track:3HespKQAppbQOMAul2g6V9
Looking At Life,Alice Clark,spotify:track:03mVm0bWyBHJ3O58UZb89f
Tommorrow and Me,Michael Nesmith,spotify:track:7aNdJWv7kvLE7tNnh3KUfk
Music In Dreamland - 2019 Remaster,Be Bop Deluxe,spotify:track:1S7RLmGJAuc4F15tonavSH
"Sorry, I Love You",Murray Head,spotify:track:3toL27obzdfWzJ6v4Qh79u
A Woman's Heart (Is a Handy Place to Be),Marshall Chapman,spotify:track:15rSih7QT6MlcWtY7CJ0gt
Misery & Pain,Los Brincos,spotify:track:4fn8cxofKp2FKHArVh7qNW
"You Really Got Me - Live From The Queen Elizabeth Hall,United Kingdom/1976",Phil Manzanera,spotify:track:6VdHgcDG9uLPpk0td2EPBr
In Search of a Dream,Alphonse Mouzon,spotify:track:4n8eLdTArKn6F18ahvIkLT
That Ain't All,Perry Como,spotify:track:1FZEGJ9DqQkt9hb4DM6H0A
That's Entertainment!,Judy Garland,spotify:track:4WMSX3rbTCaMcsr2i30yDu
I Must Have Been Blind,Tim Buckley,spotify:track:6PB8uoakyCmGD4erT1Fk8S
Malibu,Bruce Johnston,spotify:track:3UVxUR1i4oetO1x2kpSO8c
I Am a Child,Buffalo Springfield,spotify:track:0ipGD86bKFARjKvVnOu6QW
"Erika, Seq. 8",Roberto Pregadio,spotify:track:1RZwgOUsExqTLthIeOlTpd
When Love Was Not A Word,Cass Elliot,spotify:track:6g27VaNSyx4rkwbDeEZWry
Foxhole - Remastered,Television,spotify:track:7vZvhVzknrA8mwBDoRJZei
10-9-8 - Dance Mix,Face To Face,spotify:track:5aW1ejP8LcLS1MTW9IIhYU
All I Do Is Think Of You,The Jackson 5,spotify:track:5GoheMjTcV8xbbUUWchvjl
Spacer Energy Age,Sensations Fix,spotify:track:68ICRecCNlFKJsCs9DbWcb
Skuggfaxe,Bo Hansson,spotify:track:6kV3EyHiOnvMJxJLUUovmu
"(Dawning of A) New Era - BBC in Concert: Live at Paris Theatre, 15 December 1979",The Specials,spotify:track:5uGmOknMjcttpgybI8Ew3n
Merry-Go-Round,Wallace Collection,spotify:track:2nQ14U3VE14DKZzdpPylgk
"Love Theme From ""The Landlord""",Al Kooper,spotify:track:634ENkvsEK6O8Gs4A5E6Zl
We Just Disagree,Dave Mason,spotify:track:7kxp5dqWUFZbQrWwoIMP5c
What'd I Say? - Bonus Track,Bruce Johnston and His Surfing Band,spotify:track:5gMinflBedZI2lwZWIhfYd
Marker,Giuliano Sorgini,spotify:track:5qu5VEKcDNXJGfYGW8h1jx
Spring Rounds from Rite of Spring,Alice Coltrane,spotify:track:53QJB15BVbb5S4MzvKZnuI
Past Addresses,Gene Clark,spotify:track:3KrJUy4MCuU3pdgew2pKDs
Please Mr. Sun,Joe Bataan,spotify:track:1wyNiJqfKUHUu97AxbHdBa
Teach Me How To Fly,Rotary Connection,spotify:track:52E9u5iyQkR4yvVJHVuZl7
Somewhere,Frankie Valli & The Four Seasons,spotify:track:5pupwdHIE7fAmglAPmm3BM
Leaving Here - Demo Recording,The Who,spotify:track:60N80x0UlcpoGvcL8LOiu0
Electrokill,Parasites of the Western World,spotify:track:4rXaPO5KQXxD0jLT8ZynkM
When Did Right Become Wrong - Live At The Philadelphia Civic Center/1970,Merle Haggard & The Strangers,spotify:track:49kiQhQy87Q6e8Rl0s625a
Century City,Tom Petty and the Heartbreakers,spotify:track:0l8wFoM41I1ifCzw2zds5g
Limehouse Blues,Andre Kostelanetz & His Orchestra,spotify:track:2ZXwvA7ELsNJ2gksC9qxZV
Die,Lincoln Street Exit,spotify:track:0HaqzJScohTcQTtOsXnFnv
Fly Bird Fly,Out Of Focus,spotify:track:7mqx1S8nQY1FJnsIdr8Cb6
Something Extra,Black Heat,spotify:track:2t05zEIDUawO63nuJ6nyHD
7th Heaven,John Tropea,spotify:track:5nGxPwR2qVcxGzm5YwSLQ2
Been and Gone,Al Kooper,spotify:track:0eaZl4itDoE4igJZCPfED1
The Left Side Of The Green,Sensations Fix,spotify:track:1Z835qiRC2PN07lMkVBYAO
Are You Sleeping?,Harry Nilsson,spotify:track:5JujMIpKp8zbxEi2mHl29l
Blackbelt Jones (aka Entering the Dragon) Version,Bragga,spotify:track:6KpqSlzGlMcbrSGw4swfkV
Ascend,Kahvas Jute,spotify:track:1Eh065HjHTtCsimRsdc3ak
Watered Down Soul,The Freak Scene,spotify:track:68M9GE6OaUdHIqm9eimLvT
Monte Luna,Jimmie Spheeris,spotify:track:5qVZZsHK2C3YdkLyR2jdN1
Reflections,The Chambers Brothers,spotify:track:5mpsB3w1jbqSbLVIb8Sk38
"Search and Destroy - (Georgia Peaches) [Live at Richards, Atlanta, GA, October 1973]",The Stooges,spotify:track:65ZROLmRfrNzsioVJpjEZ7
Sommo,Giuliano Sorgini,spotify:track:0F1qBzMKDPnSuENYqhKA4G
The Ballad Of El Goodo,Big Star,spotify:track:1B5kQto4k99RG67TJEwwS5
Michelle,Andre Kostelanetz & His Orchestra,spotify:track:7M9d2shToWefkXGGz4j2UA
She's Like the Wind (feat. Wendy Fraser),Patrick Swayze,spotify:track:63Nvv3yXMosxHpQzNsNBOp
Buzzin' with My Cousin,Company Caine,spotify:track:52ku35ojrGantvqcctXzfl
Angel Baby,The Deirdre Wilson Tabac,spotify:track:1gY7YlrJyFWOsVRqabwhBb
Mo,Parasites of the Western World,spotify:track:6kTaz0inx49pus4KlHW5kD
For Eddy,Aliotta Haynes Jeremiah,spotify:track:461GwTVcmJ7EENZrnPfuhW
Rock Bottom - Live 2008 Remaster,UFO,spotify:track:7aumPZpvj6oMTuLaqjigV0
Have Yourself A Merry Little Christmas,The Jackson 5,spotify:track:720yLRc6yWQEuQfO8AW7xg
Matchbox (Aka I'm Gonna Forget About You) (Unissued-Version 2 Take 5),Ike Turner & The Kings Of Rhythm,spotify:track:0fhjrwn0UfFXLYwPFULsZJ
Ain't Got No Special Woman,Azteca,spotify:track:7kpYAHrXga3KHvOyxsvHCo
Different Drum - Alternate Version,Michael Nesmith,spotify:track:7sg5RGnSUsvZAlr6HsaofU
Destiny,Rufus & Chaka Khan,spotify:track:7oyfLwA2MToeFTsiszWD9w
Carpe Diem - live,The Fugs,spotify:track:0mtXHXRFc4jPsOhptSaWUo
Four Days Gone,Buffalo Springfield,spotify:track:0FlJda1kBtfZmyXzKnE7Pj
Oh Atlanta (Live),Little Feat,spotify:track:0qPnizHnfDdNXb9QHGoaP5
Man Machine,Lincoln Street Exit,spotify:track:4xYKjNSvxHbSQUmMRnvUaW
Stranger on the Shore,Booker T. & the M.G.'s,spotify:track:6g9JgnMV5bFM2D7FKfeEEl
Hot Shot,Alan Parker,spotify:track:4CtYwAdAjNVDvSsHzeeLBw
"Go on Back to Mama (From ""Gold"")",David McWilliams,spotify:track:1GNay2SUnqrkomzl2Gmbx4
Pausus,Samla Mammas Manna,spotify:track:4MRIt4qSgw1r0qMC3BMEmA
Ebony Eyes,Sweet Blindness,spotify:track:7k58oIeBgwVYljuMeDq7v8
estate a Parigi,Arawak,spotify:track:4pC2lYSPYmC9tzJnWzXERf
Forward Drive,Sam Fonteyn,spotify:track:7uVzYRahhfrnqiqO7sMIjA
Siodemka,Extra Ball,spotify:track:2D8E2X41K4K8W5V19kw0tG
Mister You're A Better Man Than I,Manfred Mann Chapter Three,spotify:track:5prvk2bMZUIsVpcyyN5G4q
Voyages Of Past Travelers,Captain Beyond,spotify:track:1mcAZm99OREJWkY0Hno3DK
Let Me Carry Your Bag,Shocking Blue,spotify:track:0kOgLOzw6pKLr0Gzu8jAuu
Rainy Sunday,Alan Parker,spotify:track:6VqBCZTuqvSToT8kRVnsQ1
It's Magic,Kleeer,spotify:track:34iVpFbf0nNnUgaLmVT5sY
Baby Come Back,LORD DAVID SUTCH,spotify:track:3H2MrfQpv0zbezrXaQJUdi
Chainsaw (with Rick Derringer),The Edgar Winter Group,spotify:track:3D8nH0OibRezdZt6pIOmac
Boopa,Barnaby Bye,spotify:track:214Jh9dhMuNHtUK63tvcPY
Smile (My Baby),The Tennors,spotify:track:0M6vCLX8MpITOgEeIujb7e
Groovin',"Bernard ""Pretty"" Purdie",spotify:track:3lgUDHlRxERCcxAyzOs95g
Continuing,Michael Nesmith,spotify:track:3uvnFV4KJy4UddRTZiZjkf
Deny,The Clash,spotify:track:2sr77BwZxkiDGzG9bXNmZa
Newsbug (2) - 30 Second Edit,John Fiddy,spotify:track:5Panb9nepmZAFgGKstd9V4
Just a Little Bit - Rehearsals in the Garage,The Master's Apprentices,spotify:track:3iZ7u7HZ74zwQchdnkuSwI
Motive Theme (C) - Edit,Dave Richmond,spotify:track:3Y5WfsCkflgB3MAPIuVPui
Dominoes,Syd Barrett,spotify:track:3anMhJro6Bwrut4bHkte95
Blindness,Captain Marryat,spotify:track:4rCfRz0yyhEhK5vzilGPfu
2069: A Space Oddity,U.S. 69,spotify:track:1sEY7HXHKCtXZvoYq8T8of
Children,We All Together,spotify:track:20LsJcAwv7jdJ4W4NvOq1k
All Kindsa Girls,The Real Kids,spotify:track:2IeIZdO1wwTpzCIIZa6Uh2
Wednesday Week,The Undertones,spotify:track:1UWugEcHbP4Zvk9MtCc3gt
Call Me Animal,MC5,spotify:track:0MQcNvJEdRMroJMyCtiTi6
War War,The Soul Syndicate,spotify:track:0pl7jv2Dyuduu9pE0r4xFn
Ginseng Woman,Eric Gale,spotify:track:47WqtIUyUH0l6neZXB4Ja0
Tragica serenata,Gianfranco Plenizio,spotify:track:43bIDcCc6Vfj56oUWK9M72
Under My Thumb,The Who,spotify:track:3ucb2rOwTTtGMNlgyBrDtl
Gotta Get Up - As heard in the Netflix series Russian Doll,Harry Nilsson,spotify:track:6fvIzrJ6boUDFF19fH4S2s
Latina,Barry Miles,spotify:track:0kBxSVAuGMNwSdfiPDxHph
Bride Of Summer - Remastered,Jade Warrior,spotify:track:2ekrElwiHDHvNbm03I9zLu
Country Women,The Jelly Bean Bandits,spotify:track:2WvoQEf6cUcOwvqkdMfbJD
Mr. Dolphin,Ricky Nelson,spotify:track:18MGbGJo8Vla6ipupNqqJi
L'Anarchie Pour Le UK,Sex Pistols,spotify:track:5LHF3NBWENgl3QnhzUMRvG
Life,Ricky Nelson,spotify:track:1F3v14bTwguzxj6mAw5quo
Foxy Lady,Booker T. & the M.G.'s,spotify:track:3cuZcmVsL5ordT1biUKsJc
Felicita' e tristezza,Gianfranco Plenizio,spotify:track:5DtpSCnwgngGcMUCrVk53I
La Longue Marche - Valse Des Statues,Alain Goraguer,spotify:track:49VWWTyenXhBmRnuGcjk8E
One Song,Frankie Valli & The Four Seasons,spotify:track:4nUlhItXKhxR1GwSgWJJcm
Theme II,Quiet World,spotify:track:25axOEsSrHATexgoy450Yj
I Want To Be Around,James Brown,spotify:track:2Av6ksnTa05FcrU9YThNBq
Push a Little,Ramatam,spotify:track:1o6mvFEMYZ74YBxH8HVrHi
Late Night,Syd Barrett,spotify:track:7K2vQM0UoAWZoWEFu0s6CM
Stone Ground,Kieran White,spotify:track:1zJp7pZXeAQJb4hfBm5jQL
The Train,Tim Buckley,spotify:track:0wAleADY9HsiZ8zSo08bFX
Come Along - Version Alternative,Les Variations,spotify:track:6PVHy0oAOhaqZ4Oqq1jGIU
Gluck,Bernt Rosengren,spotify:track:4U9MmKszLRBPDMgZgt6xGx
Looney Polka,Crash Coffin,spotify:track:3ZDa6sAwNWNzatwnkrGDb6
Let's Take It All,Spiritual Concept,spotify:track:02JZTwhETBzgyov794DaNm
Right String but the Wrong Yo Yo,Carl Perkins,spotify:track:0HZPW9xGp2Cv2YodmANCPA
Entropy,Quatermass,spotify:track:0GHcXLfi205tCvjVl43qG1
Feeling Easy,Billy Nicholls,spotify:track:35orY6RuIbg3IXT4ev1QKV
So Tough - Outtake,The Slits,spotify:track:6uTDFv2pLtJ7xKE4fLv3EQ
Shame On You Babe,Dino Valente,spotify:track:50BRQNjPux0xmMxzhFY49T
Procella,Giuliano Sorgini,spotify:track:4WEXqfQ5yI8ewDIfGTSsfc
One Over the Eight,Soft Machine,spotify:track:25orzLJBYgghRQpgScLezf
No Feelings - Live At Samfundet Club,Sex Pistols,spotify:track:2wP57Hlj3GJ9awXXb2e5Vg
"Evil Ways - Live: Ontario Motor Speedway, Ontario, CA 18 Mar '78",Santana,spotify:track:3dfFnoSHI6trFu7ZlCJN3m
Wild Safari,Barrabas,spotify:track:36ycUqCc7NkKT1hWanjFUx
Waiting at the Station,Help Yourself,spotify:track:3qWx1iS91iUn5fzF6VSrAp
Surf Rider,The Lively Ones,spotify:track:7sOBuRK26Ov7CR5fRSR7Om
The Duke of Beaufoot,Spirogyra,spotify:track:2zokTFCEj5BvUbGlBQ6ehH
Siénteme,Psiglo,spotify:track:1HUD1znti4tZohOBVD5BeU
Rescue Me - Live,The Ozark Mountain Daredevils,spotify:track:307htRtMyMam0UcbYqCi9q
"Dark, Darker",Out Of Focus,spotify:track:1dU7E5hOtjrqtM7ySbG7Ne
Waving My Arms in the Air - Take 1,Syd Barrett,spotify:track:5eRnipRVRPlhholxMcgsMc
Apolo,Los Brincos,spotify:track:04uLPD47VyBtaG9WmVzh5G
Somebody Wants To Love You,The Partridge Family,spotify:track:7ryvDBW4nfMvSQYXTexO5o
A Fool for You,Martha Velez,spotify:track:3Mwpp3ujdtnFP9V8MdPmxU
I'm a Tangerine,Tommy James & The Shondells,spotify:track:4PcAeBo9qzBP0xNvdHJLC3
Imitation World,Barry Crocker,spotify:track:3buQ1bYb4pNUbWMleDz9xw
I Got My Mojo Working,Rotary Connection,spotify:track:0QtYb4fBM9lIrLqskujOyf
World Wide Love,Kim Fowley,spotify:track:5MzUAgxmGXZkEVE7rGq6y8
Loving You Was Like A Party,Marlena Shaw,spotify:track:7j4F1L8YrTCpgoI2BGhu0s
Shocking You,Shocking Blue,spotify:track:1skKhaMAUL81KlbeKdqFIi
No Fun - Remastered 2012,Sex Pistols,spotify:track:3k4y4NgljXUpb9JKyAzNTl
Betrayed,Frankie Valli & The Four Seasons,spotify:track:4hu93xLmJZAbX0l2KNbxCp
Mara's Supper,M,spotify:track:5glvOSbWfWS1humyhgrGXR
Rock And Roll,Poobah,spotify:track:6n1vtj2u30Up8Iayh2gM19
I Don't Want To Hear It Anymore,The Walker Brothers,spotify:track:79HFgBlRc86t5klRMxCEbh
SATORI PART 1,Flower Travellin' Band,spotify:track:3jbhv2wKCSFaMbFpb9pZv7
Makin' Whoopee,The Johnny Watson Trio,spotify:track:2WUBMLoqd6AJ4XRyOmyO5W
Can't Get Through - Remastered,Hairy Chapter,spotify:track:6AAUFPsiaZHOOpPUlrZ1Ez
Ain't That A Groove - Part 1,James Brown & The Famous Flames,spotify:track:71PHf4hLbw4LnQ02N8Gx7h
"Spend, Spend, Spend",The Slits,spotify:track:4IXAYRGN8tXA6bMrRInarF
Metamorphic,The 4 Levels Of Existence,spotify:track:1dbaSHsxfDNNacKOisLDBY
Homemade Wine,The Ozark Mountain Daredevils,spotify:track:2SxSNEqDdzGOzEPj4l2Y9d
Asian Women - Remastered,kalapana,spotify:track:1RZ8yRukcuMArZ95EWMUhz
Symphonic Psyche,The Tangerine Zoo,spotify:track:7BWgztORC22m8Wb0w1PGfJ
Science Friction - 2001 Remaster,XTC,spotify:track:6kPtxyWyiet0thbH4yziys
Seq. 15,Giovanni Fusco,spotify:track:4EyYS0THBEDoUuXYhnm9cj
Breeding Ground - Fast Beat,Joy Unlimited,spotify:track:3e0l62t3gBNMC9cK2CpwZf
Percussion Take 7,Sammy Burdson,spotify:track:3dvZLw4bpXi5mUVXRbw5wp
Game Seven,Chuck Brown and the Soul Searchers,spotify:track:5hDfLdGmB8hgs3OkG4qmau
Long Long Day,The Sutherland Brothers,spotify:track:12DmvudmG6PhWyvvC6UYzC
Timing X - 2010 Remaster,DEVO,spotify:track:2vlXNhhUrJC2O4DBPSxPYx
It Was You,James Brown & The Famous Flames,spotify:track:7c8Y2IZrsmExMxCm7bVCqB
If It's In You,Syd Barrett,spotify:track:2JBceW76hyo9WRYsahTQje
Cherry - Live 2008 Remaster,UFO,spotify:track:5mvISky0K66RN8JcCkZOrF
The Happy Time,John Kander,spotify:track:5ZyuwZgnIxiV3wxbOv3NKa
Brought Up Wrong,Floating Bridge,spotify:track:3vzdhs44cHum1qQK9WsSwx
"Be Young, Be Foolish, Be Happy",Booker T. & the M.G.'s,spotify:track:4COm7PZqmRSUsOjuPZ1aZq
I Am The Walrus,Spooky Tooth,spotify:track:6kudGHNm1pIELwbDTMDryY
Sarabande,John Renbourn,spotify:track:4I0mJiqK4uDi6Le9d10lKf
S'one Song,The Groundhogs,spotify:track:2TSIyI2wKLlHsSp0EdwX69
Rhapsody,Frankie Valli & The Four Seasons,spotify:track:2FffdGfHIRdAdBgK6vvPS6
Master Heartache,Sir Lord Baltimore,spotify:track:1V9IyFxOu9Hn4OIy6A42rj
Donovan's Colours,Van Dyke Parks,spotify:track:1WbA4VRkkZgpvVKIwamfI3
Schwebebahn,Hoelderlin,spotify:track:6vaycV6nN0pRo9lSZLPKLI
Mesmerization Eclipse,Captain Beyond,spotify:track:6XK7A73bgUP0gjHvtSjN5J
Long Live Rock 'N' Roll,Kim Fowley,spotify:track:3BGvHW3FjtTy8PCGLKG8r4
Time Is Flying - Remastered,McChurch Soundroom,spotify:track:5fL2c5aFWG7aBhUFsN1Q4e
Gone And Passes By,The Chocolate Watchband,spotify:track:6bfckDATwHXzyZ3Kuodn1l
Something To Believe In,Steve Miller Band,spotify:track:483ahxMm8SWmtrp1UZdJfO
She's The Kind Of Girl,Gene Clark,spotify:track:1Ig4LoyyCEJ1zTTvoC5g0m
Supergirl,The Fugs,spotify:track:5huDOFKtmjCEp5kr7EOlwS
If You Like,Running Man,spotify:track:0cDRgpMs8K4Z4Yy2i6FvCL
Anti Love Song,Betty Davis,spotify:track:3ejgdNLpII9LM8cTPbnufv
The Great Marsh - Live At Royal Albert Hall,Camel,spotify:track:0m1lDEakYgpOMcZsiwwCd2
Dragonfly Day : Metamorphosis/Dance Of The Sun Spirit/Death,Jade Warrior,spotify:track:7cLeKjrqjOonoNNFnDNMvT
I Will Take That Ride,Betty Davis,spotify:track:4F9FmF8jM6dINWmc3U3YLl
Glory - Early Version,Television,spotify:track:5X7tH9ukWKCnGsfpKLwlf5
Now He's Gone,Shocking Blue,spotify:track:4S93gOv2WLS19yD2v3ol5b
Effervescence,Trevor Bastow,spotify:track:4L2xISA1F8aa0DM4ws5lmP
No Stranger,Gentle Giant,spotify:track:2NvzD7024XXwLoXQ0OSrmh
World In Action,The Sutherland Brothers,spotify:track:415b9t4Pbun0pQO0dOzYBn
Loretta (Union Turnpike Eulogy),Al Kooper,spotify:track:2HbhZhkOA8wm1Uk39Te8Hg
The Circle Is Unbroken - 2010 Remaster,The Incredible String Band,spotify:track:0INGSv89tQqLz4oGW1VLII
The Train Song (2) [Remastered] - Live,The Flying Burrito Brothers,spotify:track:2uSJdQOCiGkk8o1bjK6uoq
Into The Memory,Sensations Fix,spotify:track:1sYyOf1aIo4v9thtWT6gXY
Heavy Machine,Klaus Weiss,spotify:track:5JPmk0lkh2Vuz3YOHwAfSA
Don't Use Your Spray,Das Dritte Ohr,spotify:track:7AVTZDRMR9e28stNu2AMUu
You Know How to Make Me Feel so Good (feat. Sharon Paige),Harold Melvin & The Blue Notes,spotify:track:3ykkuOH4IyuBbhtjCNPuaK
I'm Not Sayin',Nico,spotify:track:4Dl6KHCxQeldHjja5mh3QP
The Boogie Man,The Jackson 5,spotify:track:2wux7bs4glpB4An0cHY4Fy
Story of Glory,Los Brincos,spotify:track:2F1chByVtvjdjpzai2Pdxx
Sweet Child,Pentangle,spotify:track:77rJ6Xh89z0LEGa6vS7zSg
Whip It On Me,Billy Hawks,spotify:track:341Hce5mSzKRXqbjf7nSvQ
Huggin' In The Hall,The Tradewinds,spotify:track:4bOd4fSKDjWoSyimEnaJB9
Ride Like the Wind,Christopher Cross,spotify:track:7gUMShP1l20tC0xf17Zplk
Talking to the Trees,Little Free Rock,spotify:track:3GhUOMdowZRx5X6CJWQfqW
I'll Never Leave You,Harry Nilsson,spotify:track:3z7TPTb3Ul2NzAFZTEUsdh
You Came A Long Way From St. Louis,Anita O'Day,spotify:track:1inxOA9cIkUcR1OZd1FPeT
L'augmentation,Jacques Dutronc,spotify:track:6p2xtUuND1hoSkIIw9EsLK
That's the Way I've Always Heard It Should Be,Lou Bond,spotify:track:6FMXtd42HkK5Pi999nfVth
It Ain't Fair,Aretha Franklin,spotify:track:4y4KGkGp6qoewYhQdcQfT3
Flyin' Too High,Legs Diamond,spotify:track:6ZJv6bMEpIQxxMbPyCkkCv
Air - 2010 Remaster,The Incredible String Band,spotify:track:5eHRNo1zgDZbX7P7zMxTsD
Shake Rattle And Roll,NRBQ,spotify:track:6kw0HQXRFiikFMA1TWnrqC
My Favorite Song - Disco Version,The Kay Gees,spotify:track:6TuFmSvNrcq8wMeR4yEZwR
Mutter Erde,GAA,spotify:track:1RmAEvs3tS8xsnvCvffCPb
Ebaneezer Beaver,The Mirage,spotify:track:7uTA1RPqBtO80qpqHjGVNI
Dancing in the Street,Tages,spotify:track:6MEFJSAHOubx48FWtlykkx
River To The Sun - Live / 1978,The Ozark Mountain Daredevils,spotify:track:5kI4gimfzuGQolGj9WipwO
Me And I,Kin Ping Meh,spotify:track:5MOchnbma6o9S2VMqfWe6g
Windweaver - 2014 Remaster,Jade Warrior,spotify:track:2gzIcwgCzAUWehI93SMP3x
Waiting For A Train,Eric Anderson,spotify:track:1RjvfzutfKNyY5Nvx7boU3
Send Me A Postcard,Shocking Blue,spotify:track:6EXOSA4BWBM1AUsXxKwYDT
Pawnbroker,Graham Gouldman,spotify:track:2Bb1PgBYeB9JNAmb5CDJgC
F.U.N.K.,Betty Davis,spotify:track:7ekJAyKFK6sadtehv55cJl
Millionaire,Hard Stuff,spotify:track:24moZWg2nWsqQdklZKu1NQ
All This Crazy Gift of Time - 2003 Remaster,Kevin Ayers,spotify:track:0rLN9VklbbpiJliCz0Ymqe
Phantasmagoria in Two,Tim Buckley,spotify:track:1EfWxxlaLLiwnLS3ABr8vu
He'll Break Your Heart,The Walker Brothers,spotify:track:5pQgl9LJZKB9MHbkXjE8Ae
Intoxicated Man,Serge Gainsbourg,spotify:track:72FEBA5WRNVg1hh6RoOAvY
Ghetto: Misfortune's Wealth,24 Carat Black,spotify:track:3cOgBa1s7mgkEBFkWgpsut
Program Eleven Part Two - 2006 Remaster Version,Bill Holt's Dreamies,spotify:track:5mHGmZDmNgUzRnVC8TcCrS
My Town,Paul Siebel,spotify:track:2ToEJyoQJwPn4ugaFahvlE
Dunkirk - Live At Royal Albert Hall,Camel,spotify:track:1EGR1sUkmGO4I7PbBYLir6
Falling Again,Chris Hillman,spotify:track:4OZVRw9YKAQrImbVKGKDEy
Love Jumped Through My Window,Arthur Lee,spotify:track:7Lavc7jaOWRTSrxxACOM4p
Shadowfax,Bo Hansson,spotify:track:4YpgOwuL9uMPq0Avp1Fghz
Rock and Roll Doctor - Live,Little Feat,spotify:track:5s1qoQBqUofGLFvrOUAR3C
I Lie Awake,The New Colony Six,spotify:track:16oUREAXyR3kbmnWymdluV
It Hurts To Tell You,James Brown & The Famous Flames,spotify:track:6oqAgo8l8D84znPDhMjreM
Katzenmusik 7,Michael Rother,spotify:track:2oLPJ3FZPZgfN88C5dlFwt
Autumn Leaves - Remastered,Ice,spotify:track:4yvyXJVrUXXCb4d0bASyrh
Carry On - Bonus,Irish Coffee,spotify:track:7yFkl8kDBiUhNz5zhh5t3k
It's Not Supposed to Be That Way,Steve Young,spotify:track:4jNBYAK1mPmgM66wZEx6rr
Love Work Out,Graham Nash,spotify:track:7u50RKiIcsC7shBXCwCOuf
Covered In Gold,The La De Da's,spotify:track:5ZPwphJsM60Cn8lHQaEvft
Two Trains Running,The Paul Butterfield Blues Band,spotify:track:6ZHnIJCEGjPP7o7vrfyIVB
The Top,Kim Fowley,spotify:track:74K03NhSv3wi0BYS6C75qU
Ricordo del sud America,Arawak,spotify:track:7Gfs31EDWLPyl3iCkekCm6
The Feeling's Good,Marlena Shaw,spotify:track:0lw8ZVuwR1WR2UEKXxL4Ph
The Jungle Of Your Mind,Thirsty Moon,spotify:track:0oXvFMkHMXwfTepDY0N2uO
It's Great To Be Here,The Jackson 5,spotify:track:1cV1YdXSW5bxuiUAejrKp4
Den Haague,The Walker Brothers,spotify:track:4j4sXk5BYM9ZnvPcQdfcME
Freeze Frame,Godley & Creme,spotify:track:2MD1AnF0J0UU2DkTISarkY
What I Dream I Am,Ramatam,spotify:track:7DKR6ROqst210ObnkUYxqf
Just Love,Ronnie Laws,spotify:track:2zxaFSX9qg3WCyJLeZnnJG
New York's A Lonely Town,The Tradewinds,spotify:track:5EgRpTw0TovW9cMksh6Hlc
Green Onions,Booker T. & the M.G.'s,spotify:track:5sFnaarx6A6Le18ST3xhkZ
Sang,Jan Garbarek,spotify:track:55ACI9xwRJ8VGLC9jNgg6z
Losin' - Remastered,Ice,spotify:track:3aFrJAuj7o4L8L8JGwYmgz
Get Over You - 2016 Remastered,The Undertones,spotify:track:3QYWKxA47zeUgRTAVZh5NI
Nice to Know,Split Enz,spotify:track:7qQpDEesIPMR7BnNFf0yXM
Bluesman - Original,James Talley,spotify:track:14wiKZgwKSJkBg6sO0B1vI
Let It Be Me - Remastered Version,Voices Of East Harlem,spotify:track:4janMlUBvglMs85VL9lAGy
Take Me to the Country,James Talley,spotify:track:5Lz6pTRkMw8bnYyKzjzor3
Latin Strut,Joe Bataan,spotify:track:2NpjglolZ7Btm3QiO3r27B
