"Sulphur, Charcoal and Saltpetre",Lord Vicar,spotify:track:4FeMiDzAeeYuCP3czMy74C
Descent,Lord Vicar,spotify:track:7ybW5rjoDUUiF6aHUcv4XH
World Encircled,Lord Vicar,spotify:track:3zVDMA52yIJulLz8oZih28
Levitation,Lord Vicar,spotify:track:7IzDtwY3nWAdAE7OEB8AgF
The Temple in the Bedrock,Lord Vicar,spotify:track:3zwco0Tu6jtn1r3XDa16lJ
Black Lines,Lord Vicar,spotify:track:3Kl9pe5Vy4EbYegUhEteke
Impact,Lord Vicar,spotify:track:6Q4KVH6DeHAAuZpnQSXwlw
Nightmare,Lord Vicar,spotify:track:5H4oKkM4AwSFo2wpdZUpMz
A Second Chance,Lord Vicar,spotify:track:4kYTIHqcERb6qguavKNry9
Birth of Wine,Lord Vicar,spotify:track:6pj8g8hEaQQ29NqNQXMEWa
The Green Man,Lord Vicar,spotify:track:4am4GQ1x1j5x0OfwAaVQ0c
A Shadow of Myself,Lord Vicar,spotify:track:3gdLYIEXIBaihtyMVm06h3
Breaking the Circle,Lord Vicar,spotify:track:0IyU7EvH90P5NChPRaocMk
Accidents,Lord Vicar,spotify:track:70yk4qkO5bYd1xtFcDHQJ7
A Woman out of Snow,Lord Vicar,spotify:track:0CIsp5xDJA67w0di40orPs
"Leper, Leper",Lord Vicar,spotify:track:3NCYpRNVcu0qs5izdl5TZB
Down the Nails,Lord Vicar,spotify:track:5e8O3znBNBQXUumTavWKiC
Pillars Under Water,Lord Vicar,spotify:track:0FFpPIO0QfyKPXCaD4ePcR
Born of a Jackal,Lord Vicar,spotify:track:5KLDaV4KJ0wkNP0h6BU23f
The Last of the Templars,Lord Vicar,spotify:track:2DWOARvdT7nynYZlXmGx72
The Spartan,Lord Vicar,spotify:track:1kBKkZakTr2dkUopRuh4Vk
A Man Called Horse,Lord Vicar,spotify:track:76uyQXDe1JVWvQSLmpSRir
The Funeral Pyre,Lord Vicar,spotify:track:73M1Yy93V4traGFC5mezji
Signs of Osiris Slain,Lord Vicar,spotify:track:4LWYdbATWrIIxM8JuysyMc
The Answer,Lord Vicar,spotify:track:3I91I6enF4M7kIBzJGYmQM
Child Witness,Lord Vicar,spotify:track:3cNVQKB6eFUIgFtmqTlsyG
Between the Blue Temple and the North Tower,Lord Vicar,spotify:track:2H508zc8Qrov1VyuI1QroS
Sinking City,Lord Vicar,spotify:track:3gvUfdpBIWqSqyojkibIsc
Endless November,Lord Vicar,spotify:track:1EBOUOvvupLpRw1RnnFi95
Signs of Osiris Risen,Lord Vicar,spotify:track:41c7fqGNBkKlpFitwhhHDx
Fishbelly 86 Onions,All Them Witches,spotify:track:6LpUwWHCyzdhJugFeByaTO
Workhorse,All Them Witches,spotify:track:0uXydSmVXTOZ3Mx2z24BNi
1st vs. 2nd,All Them Witches,spotify:track:1fnTk3ZrcWfBBpj6xfYEjk
Half-Tongue,All Them Witches,spotify:track:3n2fRYNaGoDygheFYRJlNM
Diamond,All Them Witches,spotify:track:1zAx94fNMR725rsFiHPG7z
Harvest Feast,All Them Witches,spotify:track:3RBHtu4YVda3IyT6nrNbsj
HJTC,All Them Witches,spotify:track:7ic1C2JVjvBzSg4hcmEdW2
Rob's Dream,All Them Witches,spotify:track:5c0wFA02QKv4M4rhAlGjBY
Bulls,All Them Witches,spotify:track:5pbFvRZ7uS8hkkAtbj5bvX
Don't Bring Me Coffee,All Them Witches,spotify:track:3yZTWTVXxETjdKk3OFfW2H
Bruce Lee,All Them Witches,spotify:track:38oXvVJjZZgnXkeEUDq3d2
3-5-7,All Them Witches,spotify:track:4BUEASj5EXzLGcpwHmYHQZ
Am I Going Up?,All Them Witches,spotify:track:6639kPw67cfz3rNHgAWhdr
Alabaster,All Them Witches,spotify:track:4CQwIJsYFk80DBWlwsDJGo
Cowboy Kirk,All Them Witches,spotify:track:22tzaNbItTQTF6vMnUghBj
Internet,All Them Witches,spotify:track:3lEiEgg1YeXVXj51mNnxla
The Death Of Coyote Woman - Live,All Them Witches,spotify:track:1X51rz6EYfwYrWU3b9ECzU
Funeral For A Great Drunken Bird - Live,All Them Witches,spotify:track:1Qmbxk9jnIGDOibZbCdrCq
When God Comes Back - Live,All Them Witches,spotify:track:6NzsLs6eSiXcG8U6TNiX7p
Dirt Preachers - Live,All Them Witches,spotify:track:1A8BcGTD6fYeWs2o9Mx2xI
The Marriage Of Coyote Woman - Live,All Them Witches,spotify:track:6UA43ahYJR7uEmwhPCKOYQ
Elk.Blood.Heart - Live,All Them Witches,spotify:track:4ZGUr2EpLruvxDRhhsotX4
Call Me Star - Live,All Them Witches,spotify:track:2x0nTZIFnLUuEQqZAqqvsR
Open Passageways - Live,All Them Witches,spotify:track:2pr9clpYQYmKRHtxfgnvlo
Talisman - Live,All Them Witches,spotify:track:5y8Myuz9NLp0655ujw8QTc
Blood And Sand / Milk And Endless Waters - Live,All Them Witches,spotify:track:5sXdbzf76MpWJzt06YiwVS
Mountain - Live,All Them Witches,spotify:track:1qENviPNp13F72B0wT9IbX
Heavy/Like A Witch - Live,All Them Witches,spotify:track:5cvMWC0z4T1Gfh0uCnsGVv
Charles William - Live,All Them Witches,spotify:track:1HoQJ19AF6onxkFptNh0C0
My Middle Name Is The Blues - Live,All Them Witches,spotify:track:3qV1dDiMJBjYpbj7vgrZEi
Call Me Star,All Them Witches,spotify:track:73dwPm6yqBlKMUekCGDvdA
El Centro,All Them Witches,spotify:track:79f0VCHqbXTug5bBUtkhlH
Dirt Preachers,All Them Witches,spotify:track:4LrNgPVW0UYFzJ5ed2NKWN
This Is Where It Falls Apart,All Them Witches,spotify:track:0S2N9M6MojQAHTbQcsC5jv
Mellowing,All Them Witches,spotify:track:0P83dboRYIkaEo23HldoLh
Open Passageways,All Them Witches,spotify:track:1gIoIq3RF1wl3Pp6d1Clzb
Instrumental 2 (Welcome To The Caveman Future),All Them Witches,spotify:track:2aXWmLWk0i3F9b9nT0sIVe
Talisman,All Them Witches,spotify:track:0s2K6BysAUBsTICAKQKOo5
Blood And Sand / Milk And Endless Waters,All Them Witches,spotify:track:1oPmh1p5jJr8pRBdpT40lt
Mountain (Live),All Them Witches,spotify:track:7nlpx8WqetDJkVuR03Bn5q
Funeral for a Great Drunken Bird (Live),All Them Witches,spotify:track:3gUoiV9h97vo2SsasVvMNt
Marriage of Coyote Woman > Elk Blood Heart (Live),All Them Witches,spotify:track:3QPnQDCOwz3IPVzHK74VQs
When God Comes Back (Live),All Them Witches,spotify:track:5mLMrqGpOHqeahtTnX9IlT
Charles William (Live),All Them Witches,spotify:track:2xjvM48o7AW1ljoMGt6opD
Death of Coyote Woman (Live),All Them Witches,spotify:track:0j7gZ1lYLzbaa5ftFCG6yN
Born Under a Bad Sign (Live),All Them Witches,spotify:track:2ObmvTAt3ejzd7nJVDoFE1
Funeral For A Great Drunken Bird,All Them Witches,spotify:track:6tWsKU4I9sC2iFIYZzZ3G7
When God Comes Back,All Them Witches,spotify:track:2EvUjCWg5zeaeKxGeOaHPh
The Marriage Of Coyote Woman,All Them Witches,spotify:track:3SSAeecv84iCOlUCaVPifM
Swallowed By The Sea,All Them Witches,spotify:track:1uFvdtmB1b9j2SIUlTOfNi
Charles William,All Them Witches,spotify:track:5RFxXhOOTnNkrKyP9Mjb8L
The Death Of Coyote Woman,All Them Witches,spotify:track:4dlgPGZ8ankqnrG9YnfGIW
Romany Dagger,All Them Witches,spotify:track:3DZ1PuqLRM2sQGIXRZFkFt
Mountain,All Them Witches,spotify:track:7oF4ei4189AOKZoxwDkHMU
Romany Dagger (Remended),All Them Witches,spotify:track:6vBTnVeCFeIOJNHnQ9zPj0
Surface-To-Air Whistle,All Them Witches,spotify:track:4NkoSEz36hCX3rlUowsXue
Heavy/Like a Witch,All Them Witches,spotify:track:3N02rdKYcUq6nabDpCRv7v
The Urn,All Them Witches,spotify:track:5DURZTFDFu8bQMU0Ik2om8
Bloodhounds,All Them Witches,spotify:track:3NcJLTtUsQbmkzOAZDcrRL
Guns,All Them Witches,spotify:track:6TusJoMuyFkdc1dP7a9uXt
Elk.Blood.Heart,All Them Witches,spotify:track:5PMpxJQfyrMPTfdEmyohky
Until It Unwinds,All Them Witches,spotify:track:7aRgFtaZN7iO3GcClRNoEM
Easy,All Them Witches,spotify:track:6Otfykjo9ZjRvUzbjwPEUk
Family Song for the Leaving,All Them Witches,spotify:track:1yqY69NQtv4KiR2p8rcLR2
Right Hand,All Them Witches,spotify:track:4KmF9vLhT886a79woNJXWd
I Can't Even See Myself (Bonus),All Them Witches,spotify:track:3aLEiYCj0Tn8Ib3uItqDCq
1X1,All Them Witches,spotify:track:1DJdqAJmS4zYs5x60Mp7Dj
Diamond,All Them Witches,spotify:track:3rqq2KBsRfaReOi1FHoHpt
Diamond - Radio Edit,All Them Witches,spotify:track:2RQalqW1ehsPzjiRTJvtBZ
Fishbelly 86 Onions,All Them Witches,spotify:track:7HiyaZlTkSRWvLrHfBMcqz
Alabaster,All Them Witches,spotify:track:37jVwEsdlXkJszo0N4TWmS
3-5-7,All Them Witches,spotify:track:6tuDIjSiwuUWKrVKJp4lNU
Bruce Lee,All Them Witches,spotify:track:2TOrygKhwOt12Y1Roj6XuQ
Effervescent,All Them Witches,spotify:track:5hsp40h5nepN9AyMIBgPHm
...And the Gods Made Love,Elephant Tree,spotify:track:77odZnynvol8TWojWD5HX5
Have You Ever Been (To Electric Ladyland),Open Hand,spotify:track:1Ci5kb8WRfuqmzrlSYxgDT
Crosstown Traffic,SUPERCHIEF,spotify:track:1bvCtHMuRvYG7C5H7LGKnk
Voodoo Chile,All Them Witches,spotify:track:6YBxaz6T5HUndseiMykt5v
Little Miss Strange,Origami Horses,spotify:track:6XJ2RUkVAlYJhSrmF6QDdM
Long Hot Summer Night,The Heavy Eyes,spotify:track:1vCuy2DGY39YE4qTzPK65G
Come On (Let the Good Times Roll),Earthless,spotify:track:5rEqLDfriToYHrEWTT5Ag9
Gypsy Eyes,Wo Fat,spotify:track:1i3Ct9KGMUYc9klHlBxtR2
Burning of the Midnight Lamp,Mos Generator,spotify:track:5UTK8RzTyB5o6ruz90jPgi
"Rainy Day, Dream Away",Gozu,spotify:track:116v2dHy0TemTETcW5Kjaj
1983... (A Merman I Should Turn to Be),Summoner,spotify:track:7kqHDrBSVVGfMgY1JZleOg
"Moon, Turn the Tides... Gently Gently Away",Claymation,spotify:track:0tcCbEnxRk2uLGbZbBcmHu
"Still Raining, Still Dreaming",Mothership,spotify:track:4Xew7qKEHJowpr6qVa3j5a
House Burning Down,King Buffalo,spotify:track:2XHZ2cNM7yeIYcS3GT5wnA
All Along the Watchtower,Tunga Moln,spotify:track:5Q5DDV6i81mWBNhuPnGIkD
Voodoo Child (Slight Return),Elder,spotify:track:2wqt4s8TLhHUlUussLiE9L
"Dosti (From ""Junglee"")",Mohan Kannan,spotify:track:51wDBQxE6ZZY79k79pz9Kw
Fakeera Ghar Aaja,Jubin Nautiyal,spotify:track:6VPf19V2kLOVtdfNnocm3w
Garje Gajraj Hamare,Navraj Hans,spotify:track:4vfTccbVYCGgUrr3GO65si
Dosti,Mohan Kannan,spotify:track:2JGG6lmR0PtI9iUBmekqUH
Bibi,Asees Kaur,spotify:track:53XAxEVol0SXXBT9bHB07I
Dil Dhoondhata he,Mohan Kannan,spotify:track:30W1Nc6zR0rD9UYVxcWCiT
Me Udi,Yashita Sharma,spotify:track:4Ho7u5e9wK7aR3q4b05RzW
Beimani Se,Mahalakshmi Iyer,spotify:track:5kntEvb0HTsWv8Hlu9sN3C
Nuskha Tarana,Kavita Seth,spotify:track:5X3mT7GUxO4al7Fj8ADSam
Daaru Wargi,Guru Randhawa,spotify:track:56hOln1kxSHrFUNh6cDsGu
Taiyaari,Soumik Sen,spotify:track:4uFmWxyLCyBZnPFRwb3zPr
Dil Mein Ho Tum,Armaan Malik,spotify:track:6P10EoBs8D9L7kjwgNkwFN
Phir Mulaaqat,Jubin Nautiyal,spotify:track:4HAcv8v50i4ooMGxPGCMQB
Kaamyaab,Mohan Kannan,spotify:track:3XnazOMUri4dmTNYVgw4Lt
Stupid Saiyaan,Prabhjee Kaur,spotify:track:3xE8BBJW43eQWQjfz2Aysl
Phir Mulaaqat (Female Version),Rii,spotify:track:2CrawEnMjVX9VpdJxLq1iO
Sarfira,Neeti Mohan,spotify:track:6fJXSmF7sKPC0Hy8lAlqcW
Lip To Lip,Ritu Pathak,spotify:track:36jGv9pAL00YLOrsr5JFVo
Sau Aasoon,Rasika Shekhar,spotify:track:7ax6ckMuBEWGuQWvJRdVUX
Ove Janiya,Mohan Kannan,spotify:track:7sjLlX7TLaiHRlIZ6tH20f
Jaago Mohan Pyaare,Rasika Shekhar,spotify:track:0JoQwbuAWKzRRPEUqfcQTt
Ove Janiya (Female Version),Sayani Palit,spotify:track:5zGbODxtGWbL13vT3lGfyd
Swapna Safar,Jeet Gannguli,spotify:track:4OBrOMl1RIuqnAchaY3LER
Piya Re - Female Vocals,Asees Kaur,spotify:track:0BR557Uh0hLqqjRlNn9HTa
Aami Tor Nesate,Armaan Malik,spotify:track:1YxCxNILMs7o1coDNRxEkq
Piya Re - Male Vocals,Mohan Kannan,spotify:track:7IoHjUM378iwZn7H5N4WHa
Pending Sapne - Title Track,Neel Adhikari,spotify:track:2SqTm9HwM7xOgIBJzwZKbB
What Am I,Neel Adhikari,spotify:track:6tIhotm4pp0se8hELhCK1l
My Birthday Song,Rajeev V. Bhalla,spotify:track:78E3QFSTlLijRUrukdbXK8
Ajnabi,Mohan Kannan,spotify:track:40rp41yeOCsDkpWv2pYBAZ
Ghayal,Mohan Kannan,spotify:track:6tmNrPZpXAWnMOOW5aI0J8
Bhaag,Joi Barua,spotify:track:6ERtEB2hv2WjiOqeOI8ZU2
Rain,Joi Barua,spotify:track:6AnVnNjfmhhmqcpvHP74PK
Khidki,Amit Trivedi,spotify:track:3K1TrHkseakQCGKz9UhBc5
Hai Baaki,Arijit Singh,spotify:track:65IjHTZOwKeAQkF4JXfZ9h
Chal Tu Apna Kaam Kar - Amit Trivedi,Amit Trivedi,spotify:track:6PaCg9ZzGGeADVkrU7irIz
Chal Tu Apna Kaam Kar - Raghubir Yadav,Raghubir Yadav,spotify:track:3vyAyhgQWdIXyNIqdLsx8o
Panchi Ud Gaya,Mohan Kannan,spotify:track:3hrM7APZ0psNBceMvqOQ8O
Chal Tu Apna Kaam Kar - Amit Trivedi,Amit Trivedi,spotify:track:3tOPuzxrJZSycG7VhTUibV
Chal Tu Apna Kaam Kar - Raghubir Yadav,Raghubir Yadav,spotify:track:1CAGu6e0qFCW6nfcTmxS6S
Panchi Ud Gaya,Mohan Kannan,spotify:track:6vmcKHKUxpkCg2Uey6R4et
Om Namah Shivaya,Mohan Kannan,spotify:track:7lQwleWLg6J6YDmyp3yMQd
Maro Halo,Mohan Kannan,spotify:track:3vetZ868zVkOISm81zo2vb
Tareef,Kunal Ganjawala,spotify:track:7GIJ3Tq2LCXpOau1pqgrT9
Pan Kem,Kunal Ganjawala,spotify:track:6Ql9R4x7mGElEYa2RRUdLE
Fikar Not,Kunal Ganjawala,spotify:track:2aNp537eAYDsWDvPPNSEgS
Tu Ibadat,Parth Oza,spotify:track:2IACKiWuDVLtqZP0RyiHYW
Masti Nu Band,Vivek Bhardwaj Chhetri,spotify:track:53xeGB2nX0OWYF7NCoWLCs
Maro Halo,Mohan Kannan,spotify:track:3JjdGw4xw6MJFfJVZMSaXo
Tareef,Kunal Ganjawala,spotify:track:4j4iZbvZB476VNm4mr3Rin
Pan Kem,Kunal Ganjawala,spotify:track:2bCSL47D6OPYWvekAtGjmM
Fikar Not,Kunal Ganjawala,spotify:track:1fouo2qPVFOr6Dlrw1QHTB
Tu Ibadat,Parth Oza,spotify:track:71LcU5LnjEc1ZeORSjlDWT
Masti Nu Band,Vivek Bhardwaj Chhetri,spotify:track:5g2vPK9Q9MjdpzpBpq5ScB
Murabba,Neuman Pinto,spotify:track:26g5bT0zjwPixMVrnloTmU
Maths Mein Dabba Gul,Rohan Utpat,spotify:track:1ES9Gb6Pgm5uWQJ7ZL1iiM
Maula,Nandini Srikar,spotify:track:5ahgjEPzLAElZ3FMd1UaPl
Maa,Mohan Kannan,spotify:track:0yxCUXBIAww7oknk1il0yZ
Maa - Version 2,Hariharan,spotify:track:1suKYShB1Rtc0gJOqg2oNN
Maa Theme,Instrumental,spotify:track:4LldaJWG7OSJ4qb3Ijm0iy
Chanda Theme,Instrumental,spotify:track:2ju8gS42x5RknNI1AUBqme
Murabba,Neuman Pinto,spotify:track:76qmDPY73DuNTXiRrL5ILT
Maths Mein Dabba Gul,Rohan Utpat,spotify:track:5uhn8zlhs92bX85l0OKe0w
Maula,Nandini Srikar,spotify:track:76Hxc3QNClzMOq5ocjNAEt
Maa,Mohan Kannan,spotify:track:0jBhlASPzzv3bhwpgmXah7
Maa - Version 2,Hariharan,spotify:track:0XnRFvypbfqZaXR2H0GScm
Maa Theme,Instrumental,spotify:track:6ldvOcGHW7AVsKVpIJoBly
Chanda Theme,Instrumental,spotify:track:2rSFJ1qKJIIFJqdw6OkBjB
Awargi,Sangeet Haldipur,spotify:track:0EwPhF8iLyXi7cIdqmfL9y
Love Games,Aanchal Shrivastava,spotify:track:5KQTnkoGayE8iLUGYYnmCH
Mohabbat,Sangeet Haldipur,spotify:track:4gutSSlgK0KoYNtklWCqjP
Nirvana,Mohan Kannan,spotify:track:23w4dt8AqyJ07Q8PS260qD
Aye Dil,Sunidhi Chauhan,spotify:track:6wQBOYvFgAoOvBHvBombW6
Lock Him Up,Sonia Saigal,spotify:track:2zpOOGAwdzd3F8x65l1SPF
Poison,Shon Pinto,spotify:track:7aQIg3UVf6TUz8HltqvUoi
Udo Chithhi,Anweshaa,spotify:track:6bY449ZwoSukkazxa6IUp7
Chine Phelechhi Rastaghat,Arijit Singh,spotify:track:7riaJVC3YtJeBEfv4JYXuZ
Piriter Golmoriche,Monali Thakur,spotify:track:2EtkpCigdoPXSgBsct3qXg
Ki Kore Bojhai,Mohan Kannan,spotify:track:5Ikq7pEA2ZAYtVxgcE5AT4
Ki Kore Bojhai Koto Ki Je Chai,Taniya Sen,spotify:track:23kBJeMFTFqkwmvbnPzcQU
Kichhu Kichhu Kotha,Arijit Singh,spotify:track:4ipRXw12TExqARMVzGqfZp
Jonaki,Papon,spotify:track:6F2OioXLmUerZ7bVkethgA
Ashchhe Shokal,Bonnie Chakraborty,spotify:track:6tqWRYpDU0To6rpKiQm8lT
Chhoto Ekta Bhor,Mohan Kannan,spotify:track:1yeDkVQznjnAcKJWAU4LXV
Jekhane Shob Sesh,Timir,spotify:track:5n7ryszEaYaom4oq0MkAcJ
Mayar Jeebon Jonaki,Arijit Singh,spotify:track:3EthxlukWT14P7pf0SBi3h
Din Khon Mapa Ache,Arijit Singh,spotify:track:2nKvElUdbtdazWKWIFG9Af
Bhoy Dekhas Na Please,Sunidhi Chowhun,spotify:track:4VtZr1Im2Q3Afj0k9H6QlH
Mone Porle,Arijit Singh,spotify:track:5oYCCiZV91gZrtgVZHD9gS
Mor Bhabonare,Saptarshi Mukherjee,spotify:track:2mosZ0rJGIQaS135ya4bha
"Bhoy Dekhas Na, Pt. 1",Mohan Kannan,spotify:track:6sfntJr1UMZuDWjPONQ9oa
Ghore Ferar Gaan,Vishal Dadlani,spotify:track:60a3s0rH53hA0Or7zPlpNM
"Mor Bhabonare, Pt. 1",Sahana Bajpei,spotify:track:5xomruiL51Xqg8JNwwhpwq
"Mor Bhabonare, Pt. 2",Saptarshi Mukherjee,spotify:track:47sRFPBUYbOvYY8feJZCP9
"Bhoy Dekhas Na, Pt. 2",Arijit Singh,spotify:track:7CBdYrTlj0H2qfqWMfIf6p
New West Introduction,Young Fait,spotify:track:3LHklsgN8PWD83TlHL4UQS
Meteor,Young Fait,spotify:track:0Ewty3swmdr9yjdQcK40UP
Rumors (Skit),Young Fait,spotify:track:5hbLCkhPngEalAhGRHEYlC
Rumors,Young Fait,spotify:track:5K2TmjHNf2dNGncZ7cJDdd
No Hook (Skit),Young Fait,spotify:track:6vidsffZEiHsbHDn6VQxYb
Mood,Young Fait,spotify:track:6LjhTOx7dNfYibWqtZuPTL
Swish,Young Fait,spotify:track:0gXhs20842fNEurxEDXSMR
Do What I Want,Young Fait,spotify:track:7s7i44oofXjcBGVD6CO7Ci
Dial Tone (Skit),Young Fait,spotify:track:6dBDkuDULoChS0yh9bdZhv
Dial Tone (feat. Nocoast Blacksmith),Young Fait,spotify:track:76W7WluZ8bSO0E3BCKJqv9
Type (Skit),Young Fait,spotify:track:2D81VmhM5AOXYJxrKSP0YE
Type,Young Fait,spotify:track:0xDqvNuOZkMPbyxMIix9XD
Weather Man,Young Fait,spotify:track:48rb7a79LOWULqmaxhO0S9
Worst in Me (Skit),Young Fait,spotify:track:4aKPIrSTWhq5qCyRWtOFgD
Worst in Me (feat. T May),Young Fait,spotify:track:1Wkivmq8rSCMGi4ZLMkD08
Day 2 (Skit),Young Fait,spotify:track:350ZMl2x1XobS3ojRauhFw
Day 2 (feat. Hong Lee),Young Fait,spotify:track:6a2WRZIQGtPmBZn5pD6eXW
5 Senses (Skit),Young Fait,spotify:track:4QFLa8z2baBLmr58TDsI1j
5 Senses (feat. Nocoast Blacksmith),Young Fait,spotify:track:6aChMQ7d7jFCoGOnjOhqo4
Bad Influence (feat. Brandon M.),Young Fait,spotify:track:63CANIj898xOPOD9wZeEKe
Womp Womp (feat. T May),Young Fait,spotify:track:4ZTDzOLlSRFPhX6qUkHnIh
Block Party (feat. Trev Rich & David Frederick),Young Fait,spotify:track:1dORGyUa8SypxIG9bp7g1f
Fake Love (feat. Innerstate Ike & Azul Loco),Young Fait,spotify:track:18k4xAHrmfIpqAdG7kHpK8
Soda PoP (feat. Duce MC Guire),Young Fait,spotify:track:2oWb61eJA0uDNlWjQavs1M
4th Quarter (feat. Madd Man),Young Fait,spotify:track:3CoS3WBA9oaBySE3EkxviI
5941,Young Fait,spotify:track:6k1id0bzumKtfzswFQwGsU
Bcdefg (feat. Duce MC Guire & King Rome),Young Fait,spotify:track:5bfkDIb8SohV2O5KxT3wKi
No Sweat (feat. Dave County & Duce MC Guire),Young Fait,spotify:track:1VCRjQatEJR4NTSU1EeO3l
Mom & Dad,Young Fait,spotify:track:7wDnYH0lNQmvJC8dlU8Yz7
I Eat I.E,Young Fait,spotify:track:0hU6HyS4fFIOxfTRTD2JE5
Whos War ?,Young Fait,spotify:track:6gsyo5bng9MnmDcLQQReXn
Boogie Man,Young Fait,spotify:track:1QyCZgs6HdlME1covkX8Gi
In My Zone (feat. Duce MC Guire & Swagg),Young Fait,spotify:track:7AQAHd5jhEWRAWRrZjPWwd
Little Children,Young Fait,spotify:track:12ZTdyCjvrY8uOjUnYAEzr
Crucified,Young Fait,spotify:track:1CkOb76rR1Fw23zxDSFeRE
Time,Young Fait,spotify:track:2NKrqc7TsYRxuD6jGRVVCb
In-Out,Young Fait,spotify:track:4OKZrsW70NvGDfAsMhpNyi
Dynamite,Young Fait,spotify:track:4vhGeo4U4qtRBJQ7KE0ONP
Joy,Young Fait,spotify:track:6J7c17rbL0aT6zBPma8ppy
Double That,Young Fait,spotify:track:6bBXY1RIf1XYDKAXdTo75b
Jump Around,Young Fait,spotify:track:1qjqZdQ7lCVlUYFmV7nkQd
Never Front Never Fold,Young Fait,spotify:track:7u7zpm1uqOF2uyYY8Ti9hF
Watch My Feet,Young Fait,spotify:track:5nJiYMUSac026UVgp2KIFN
Life of the Party,Young Fait,spotify:track:0YrFW8MIJJ47eNj3lgVeJE
Bent,Young Fait,spotify:track:18Yuq3xpUZ9ioWIbH3Okox
Too Much (feat. Ave Grim),Young Fait,spotify:track:78MsKYFVCxy84oM2quHNvA
Handle My Own,Young Fait,spotify:track:6Ayx02KdKRxW6itEqGV31V
Holidays (feat. T-May),Young Fait,spotify:track:0kKhgjSDQ1i5xfLu4P3CEY
New Slaves,Young Fait,spotify:track:3aDzTAoZh63D8wahfBqWKv
At That Level,Young Fait,spotify:track:1fraDkmEGcKucCP1KVH1M6
Bottom of the Bottle,Young Fait,spotify:track:3dae1l4AbkCYMnDOq1cIxo
Where You Came From,Young Fait,spotify:track:3kXEy3SHcVedg2ydH1OWIh
Choppain,Young Fait,spotify:track:4CGwcCJhxUAz2iguNz2lum
Class Begins,TeaYaMay,spotify:track:4VwN3plagXpIibroOv3c6U
Introduction,TeaYaMay,spotify:track:1PaA53W6wggXfBZWNWSuSt
Arithmetics,TeaYaMay,spotify:track:0gmmW0j6riDI0T4YnSLb4o
Make It Back,TeaYaMay,spotify:track:25RL4KPD9dmGNZVEjDezCT
Hot Pot,TeaYaMay,spotify:track:0ARxFZbj45rDcLGuT8tzre
Hulk Smash,TeaYaMay,spotify:track:4iKuDlhR2BPNXINCDUrQo2
Knock Knock,TeaYaMay,spotify:track:1j4b4Jk8L7TgTluHzl7xum
Bangers,TeaYaMay,spotify:track:4hfRAnr8iisKP826eG5NDo
Target Practice,TeaYaMay,spotify:track:2eI3ypvMTs09O9XetK9UYr
Course Overview,TeaYaMay,spotify:track:4hFBxwv4qYprExlRzOH3gm
Maestro,Liv Fli,spotify:track:6Tt01YRaeWTMfxeELnA1e5
Cadillac Wishes,January Blaq,spotify:track:37HD0ppqIS0jyzhhjYu4wo
Don't Tell on Nothin' (Interlude),Young Bleed,spotify:track:5VuN1TLvHWMa1CgBUbdcZN
My Swag (Remix),Comma tha Connect,spotify:track:6OrjoZ2flgIjisyOnCuJAQ
King of the Jungle,Iman S.,spotify:track:438M1uj1wrMCkdDCkHJcuv
Rockin' with the Best,D-Rell,spotify:track:1AkH7YYrUBuF8jBLID3wtR
Workin' on My Sound,F.T DA FUTURE,spotify:track:7xSSnGT2BrlzhnkorP16zP
Heavy Ghetto,SHADOW MONSTER,spotify:track:4LCh8cu19DwN77Da3sUruZ
Late Nightz,B Nice Tha Truth,spotify:track:5zOvmQ3Yb0C1zsSb6PV0e3
Koo Koo Crazy,Young Fait,spotify:track:29tXlzNr8fteRAHQkzh6Ft
Sub-Zero,Jay Gatz,spotify:track:6s4F18PvZ2AmuWLWryWTKz
Maps on the Wall,Spyro Drizzy,spotify:track:4kOMt6fPMzY06m94g8KGbn
The Dark,J Briz,spotify:track:3YIyh4oGAWIk2nZbzGcnqy
Welcome 2 My Life,Leland,spotify:track:4gr8ayJhkKFk1NDk3Uvq9a
Love Song,Javon Merrixx,spotify:track:0l2lTctufpNEcBvHTmtvaw
Broke No More,January Blaq,spotify:track:1p66vVqUbs7JJTgUoRUl09
Wings,Liv Fli,spotify:track:4mQynJftpMCghpY6yqFRt1
No One Wins,Chelsea Chavis,spotify:track:4jVQZeikgJVahMm5OGd9TC
Radio Ready,KL da General,spotify:track:2gwNfDRw15E5dNhVR9qhGS
I'm wit That,Iman S.,spotify:track:5Of8oApTa2GUzOo3juojAI
Like Me,L Keys,spotify:track:0h5mwB8fGptLZesS480DnX
The Recipe,Bigg Stroke,spotify:track:3z5TESrMVLeA9gy4p2dyx7
I Told That...,Albeez 4 Sheez,spotify:track:6umcelUkjBEvTU4Gx1v7i3
Can't U Tell,Hawg G,spotify:track:32wls9WjZgSxkG04wqWgsy
We Made It,Kutty Bang,spotify:track:2GqKYXM0z82sfVxUdPtIc0
One Time,Albeez 4 Sheez,spotify:track:70iyey4F9tWUvqtp5bGw7C
Off the Ropes,Track the Original,spotify:track:6jgYuZmhXsrZG2V8PN6p3V
Gimme That,Spyro Drizzy,spotify:track:4N3WZOtUAuK8DQk8v5pPPw
Doin' What I Want - Remix,Young Fait,spotify:track:7qqgNmZw7CCBqwuUAFs5iZ
Test My G,Koo Qua,spotify:track:0Yo43ff7VSocukUPJeauvO
Porno,Terrell Matheny,spotify:track:3wS1mg8k34DP1pFJJxhx79
Overdue,Comma tha Connect,spotify:track:7axtZQ3FpfR8NmBWLIYaQr
All Nighter,Megan Leigh,spotify:track:7b48j3wRU7zqhFm26Ns8nV
Life's a Bitch,Hyp-Hop Sells,spotify:track:5FBvqDEJIXsAJ72JfzvPgi
Properly,Cloud 9,spotify:track:3JKWQXc0EL1d1j5pyy9W5B
"All the Way to the Ground (feat. Big Mike, Midwestdub & Hollywood)",Cloud 9,spotify:track:58tAYAifNTtuQe3s3igHqz
Money,Cloud 9,spotify:track:0veOic5xwMZ6fMqAa7rqDm
"The Truth, Pt. 2",Cloud 9,spotify:track:5192R20Fqs3Ej3HsVhdSn9
Playground (feat. Bob Watts),Cloud 9,spotify:track:6MCoipwSLZtdCFPExBot47
Half On a Bottle (feat. Hollywood),Cloud 9,spotify:track:1l0G20uDxjKxKoJWCnW0AV
On the Grind (feat. Ari Lourdes),Cloud 9,spotify:track:1Lzcqd1FmFuhIfFJVlOiMg
Stuntin (feat. Big Mike),Cloud 9,spotify:track:6VlgoSNGLYBbSMtMLRSfNm
"Alcohol and Narcotics (feat. Young Fait, Midwestdub & Lowdy Trail)",Cloud 9,spotify:track:5Xn57Ay3DzQjxx8L54Z9ke
Lets Do It,Cloud 9,spotify:track:2er5FIs5itMvcYqwlLXq28
When My World Stops Turning (feat. Absent),Cloud 9,spotify:track:2lXvaqdEsm68b5zVORejYe
Ms Anonymous (feat. Bob Watts),Cloud 9,spotify:track:2fqHxptNBMeO1NTtKUXwbf
Wildin Out (feat. Big Mike),Cloud 9,spotify:track:0LWX1RrA6qO2iQigYWwlWh
Never Win (feat. Mary Hein),Cloud 9,spotify:track:1m4HnSXH9u95vVE7YRG7y2
Land of Ours,Dark Oath,spotify:track:1iK6FVqWAkZHXIDvhAbkVU
The Tree of Life,Dark Oath,spotify:track:5n3vK9VYPGETlkMwseYPs2
Battle Sons,Dark Oath,spotify:track:0ZXk6XvmvPVnx7tRuRy2N6
Watchman of Gods,Dark Oath,spotify:track:7Mu5fvRE7VBKpg1oHTCPlv
Thousand Beasts,Dark Oath,spotify:track:5j34yIBuuGpmtDjNIZXclm
Death of Northern Sons,Dark Oath,spotify:track:1q8QUuxiLD7mKEU4oSAKHv
Wrath Unleashed,Dark Oath,spotify:track:0Hxx24qTY2eWodZonhDqO0
Vengeful Gods,Dark Oath,spotify:track:17WdfHipPDCHx4ren8r2I7
When Fire Engulfs the Earth,Dark Oath,spotify:track:2OdZayefdJJvrR8mbga76H
Brother's Fall,Dark Oath,spotify:track:4MXfKuQjVeQOFnpMfTYjnO
Land of Ours,Dark Oath,spotify:track:4XzLeozyiZMlhONKpeYVQ3
The Tree of Life,Dark Oath,spotify:track:6OTYVWPs7jhU9e8qwTw9kc
Battle Sons,Dark Oath,spotify:track:4wJH13WeRk7NC3XDSnBkVL
Watchman of Gods,Dark Oath,spotify:track:4ewJFYsK3rO5ybNm5B8NT5
Thousand Beasts,Dark Oath,spotify:track:3jeQqIPNS77u3gHjOWnEBy
Death of Northern Sons,Dark Oath,spotify:track:4VChPeVsgFMgnRhmTgFHvJ
Wrath Unleashed,Dark Oath,spotify:track:0dNZEpHvazDtuKSD0U4rYA
Vengeful Gods,Dark Oath,spotify:track:3ISIvuiCtJ6d27Q4e79jIo
When Fire Engulfs the Earth,Dark Oath,spotify:track:7Hae2lULUHOBSA7M7R5lNd
Brother's Fall,Dark Oath,spotify:track:64ifpY4sLPvhjy4J684lXy
If I Had a Heart,Dark Oath,spotify:track:6FOhkX9XxEVQiAsdTlRWA4
White Mountaineer,Ronnie Lott,spotify:track:3ZenFoP0B5J8uaNtkiGGP2
Toss It Up,Ronnie Lott,spotify:track:4l8EeoDfVZ7vF0XFuYo88K
Taebo,Ronnie Lott,spotify:track:15NG5jjByvO2fafBwpnM8u
Asking For,Ronnie Lott,spotify:track:73T6DifF639zSU0ngSh4cs
Therapy,Ronnie Lott,spotify:track:3ie73P8tqVP4N5hCsb26H8
What You Gonna Say,Ronnie Lott,spotify:track:75H8AyMz93Yu8OIo3JcXwU
Passed That,Ronnie Lott,spotify:track:3sgoGxSwFTKmthU2Af4NsC
Girl On the Side,Ronnie Lott,spotify:track:6qc0jrGSCgOvQQM7k8eGr1
Are U Down,Ronnie Lott,spotify:track:1XEidvlFmxo7ML43bPaM7i
Old Feels,Ronnie Lott,spotify:track:3T181EDPZTLkFyt7xco9xL
No Games,Ronnie Lott,spotify:track:0hN5HzyFpDKrGLC4XxxKFX
Word on the Road,Ronnie Lott,spotify:track:1Kqldufly3137Okqynfzy1
Nothing Is Forever,Ronnie Lott,spotify:track:4pzAk3R0XDcK3kswJbAf4l
Dream Team,Ronnie Lott,spotify:track:2egTpxrQHhJKwMR6BTBvvu
Hangover,Ronnie Lott,spotify:track:3Ljx6wEq0crekxoFgqdXzI
2 Sides,Ronnie Lott,spotify:track:6vQKnpI3gzHUK2odA7iyeP
Chasing Your Love,Ronnie Lott,spotify:track:5zE0kbcP6ICXIwcSSe6DXh
Lil Change / 3 Peat,Ronnie Lott,spotify:track:2aTvZXvdjOAsIeUaqtCEIr
Like I Do / I Just Came Here,Ronnie Lott,spotify:track:3BUg5vWhRN9lJItMP7O1Yx
Under My Skin (feat. J Nice),Ronnie Lott,spotify:track:4EXbzqJXOI9jWCr4XRBwQx
Trophy,Ronnie Lott,spotify:track:21eRHW7O3a5lw7Jw5b9PVY
Serious,Ronnie Lott,spotify:track:2nRdlptyYkX2iyRvJfZCa8
Call on Me,Ronnie Lott,spotify:track:0WUFeJMUZO3kXxkobUn0rI
Who You Really Love,Ronnie Lott,spotify:track:0fyTBdnHeU7jYsTGkGUN9T
On the North,Ronnie Lott,spotify:track:6hep8hYqNFXSLrCFUB4yh4
Many Times,Ronnie Lott,spotify:track:2Z4rghfq1i8OVVd6NDM438
At Least Your Calling (Interlude),Ronnie Lott,spotify:track:1EBvnXArIVKTphaX8WZDKp
Want Me (feat. Kayla Rae),Ronnie Lott,spotify:track:3ha8xz2c0HB8M56MiUnEJb
Catch the Wave,Ronnie Lott,spotify:track:0OC8drWQVkikyBM54ZMrrW
L.a in the Morning,Ronnie Lott,spotify:track:4mGy1pkWGBIizVTBAKAJ7G
Chanel,Ronnie Lott,spotify:track:4ROw5tqhdPnP7OsigBG5cr
No Games,Ronnie Lott,spotify:track:30AGhicJ2zZOm74ooYwKtB
Blue Faces,Ronnie Lott,spotify:track:6vJr1zKorN9WAQo0cYzLfw
All I Need,Ronnie Lott,spotify:track:0vh7KU8TiyNBAXZ2WNeHZ6
All Pro,Ronnie Lott,spotify:track:3ONzLC2tKLNtHNhrSQeUBu
14th Ave,Ronnie Lott,spotify:track:3sYPlVfR3BpUoRnzz5wLmN
Taste Better,Ronnie Lott,spotify:track:1WeOd3CF5NhsGct8dAVnI3
Trophy,Ronnie Lott,spotify:track:1twzDDqndTbwQtLG5GYynv
Trophy,Ronnie Lott,spotify:track:0t230k1ANWBKexqSFDPeIJ
Keyauna,Ronnie Lott,spotify:track:2naeHnNsDKo62g6nyDUNdA
Vibe With You,Ronnie Lott,spotify:track:3Y4KPaXz5qB3fse93Ob4TQ
Call on Me,Ronnie Lott,spotify:track:3PfxquoxAYHjSSfKhUSl5B
Racks,Ronnie Lott,spotify:track:4gmjHVoACpIfZi8oOWxsmU
Kriss Kross,Ronnie Lott,spotify:track:6uduESpQvja0jzFfuLrhq2
Really Wanna Know,Ronnie Lott,spotify:track:5SsKW4bcb8y51Ub2L2Za4O
Intezaar,NDS,spotify:track:5ezHoyBd95T6Pvhha78eOI
Never Sleep,NDS,spotify:track:5vhvvy3khOjaaCmssUtgzC
Someone Else's Story,NDS,spotify:track:1ZJC4cl4Y1BeOtpl594qXz
Tell Them Things,NDS,spotify:track:02lK6BfyYaLDaSzfQqjVCk
Coming Home,NDS,spotify:track:4GoZllYPejKdzzNT0JMowA
Easy,NDS,spotify:track:2tjkx6SUARFi1zSaI72jzd
Fantasize,NDS,spotify:track:7Du6IGqHXe10AW3bm9qNzd
Say Something,NDS,spotify:track:0dMXFafRd4drUJ3m462oO9
Not over Yet,NDS,spotify:track:2VnQPcjg7KsNbwxs3HHp6o
Someone Else's Story,NDS,spotify:track:29Tv7lEhcchqKhELnlBYw8
A Sail To Sanity,Helevorn,spotify:track:0fkdxOwGo2ASHtlDdFwPsB
"Goodbye, Hope",Helevorn,spotify:track:4c1ssrjeVJIPsFO4KGK5j9
Blackened Waves,Helevorn,spotify:track:7LrKtAYN1LXS8elTk2aGLW
Aurora,Helevorn,spotify:track:0ORk3C1oetIQ1gsl1iK9uS
Forgotten Fields,Helevorn,spotify:track:0x8mHUNrvr7YExKVSeff1j
Nostrum Mare (Et deixo un pont de mar blava),Helevorn,spotify:track:4pRoHq5tT9lQAgMXvfRPdH
Once Upon A War,Helevorn,spotify:track:6tId3bGuRuqJM1hiOgEfxl
The Path To Puya,Helevorn,spotify:track:7quePd1cW79KmUJRvI4pQq
La Sibil-la,Helevorn,spotify:track:7vEXEwKF5x4jfah77BhLgh
The Inner Crumble,Helevorn,spotify:track:7mpcDTjTB3oaX98xHCZuAS
Burden Me,Helevorn,spotify:track:1Uwf66F8X4xhSM8XVuq8Lz
Looters,Helevorn,spotify:track:6V67b2MnElJFgxnpPNjrIN
Unified,Helevorn,spotify:track:0aNCjoxkw6kK9FLBDgvdZJ
Delusive Eyes,Helevorn,spotify:track:5fzvWrmqMd10ruzzuynmXW
I Am to Blame,Helevorn,spotify:track:5UvVchr34YXEy4SlxXUk5A
Reason Dies Last,Helevorn,spotify:track:0OXVhK562ztulNbkka4OdH
Els Dies Tranquils,Helevorn,spotify:track:3o9HMi29q0D6EiO6XBIgpx
From Our Glorious Days,Helevorn,spotify:track:60Aw3xC3trpfSXMjguxMxx
Descent,Helevorn,spotify:track:2iiHRWkThSRGPlDJEXF4r8
Two Voices Surrounding,Helevorn,spotify:track:4qPHZeryFVNl5Wbf0vhTFW
To Bleed Not To Suffer,Helevorn,spotify:track:5obxjbtcxkmSBlfq29OvgF
Revelations,Helevorn,spotify:track:261kwdNmeELyaV1VKfn6F4
Hopeless Truth,Helevorn,spotify:track:53OUQ9Tp0OA2D02mRTkdRu
Yellow,Helevorn,spotify:track:470TXOS3cbQnrfmfAdW7zQ
On Shores (Of A Dying Sea),Helevorn,spotify:track:5XnnPiLSTvnNmnylbBUJlV
The Way to Your Soul,Golgotha,spotify:track:2DmBBUCPSwsQInQkow521O
Distorted Tears,Golgotha,spotify:track:7h6KUhoK68huQvHJlKSC6N
Enveloped in Fog,Golgotha,spotify:track:6FuDi0Ayk7fv34pXPupGK8
Burning the Disease,Golgotha,spotify:track:4uJFjY7RQhzlICbqecbJWK
New Hope,Golgotha,spotify:track:4seo71m2ZmOcRQzxEceAM5
Rewrite Your Destiny,Golgotha,spotify:track:7x1ano5cVTmTSClwqvgB99
Erasing the Past,Golgotha,spotify:track:3U3yyOSptRTqSJSQXgKZ5s
Land of Defeat,Golgotha,spotify:track:3oN1SgcRPsvl8pelaAWBox
Voyagers,Jason Barrows,spotify:track:5n2b1s7vKP79pjw4bkVarw
City Of Lost Children,Jason Barrows,spotify:track:5s6xUDtykyh9KRpAYEOYV0
Golden Light,Jason Barrows,spotify:track:4jARfTqSs7gFs1p2tO8VFc
Promised Land,Jason Barrows,spotify:track:5izGwPsKcGdfXU0qpEWbq1
License To Kill,Jason Barrows,spotify:track:3Ta8jn5C62pDLxulg0brel
Up From The Sea,Jason Barrows,spotify:track:6RrUZrPCSZ5FcLQSlwMXOA
Hearts On Fire,Jason Barrows,spotify:track:6djvprCaFEq4hpcc5w7802
Edge of My Heart,Jason Barrows,spotify:track:48RPo6NBQJKf3xPllgx7rG
Prove My Love,Jason Barrows,spotify:track:00BLy8NosjDlgzdgDA56mw
Empty Hands,Jason Barrows,spotify:track:3Lzc2SkI5hj14GdTtiB942
This Light Will Find You,Jason Barrows,spotify:track:7EZyhMysbHKR6uA8Pvk7Br
Lose Touch,Jason Barrows,spotify:track:66TyQE23Qx7juqIkNFeG3p
Jesus Honestly,Jason Barrows,spotify:track:1xjFknWGw7Dscz9DhAWSBp
Blood of My Blood,Jason Barrows,spotify:track:0ZN7NKpmgeSJN0oLrLujtN
Never Forget,Jason Barrows,spotify:track:4Va7YXMggQzfOlwiWobKpw
A Gift,Josh Garrels,spotify:track:4Q9MjtbEGUjImvwJgN4x6Q
Anchor for My Soul,Josh Garrels,spotify:track:2llowtZvTUaJYHm8a2bhDN
Invocation,Josh Garrels,spotify:track:3OFXvm102ake231fG1nGmy
Closer Than a Brother,Josh Garrels,spotify:track:4bd5qNOxWl0AEuADTqqFU4
"Faith, Hope, & Love",Josh Garrels,spotify:track:3Yy2EqdyHdqp6kyV44fc6h
Consecration,Josh Garrels,spotify:track:2qZVx4eZrzCpdlnVFNNAdT
Butterfly,Josh Garrels,spotify:track:52hlnW62tw21YJNUoY4ITe
Praise Him,Josh Garrels,spotify:track:5v9gTAyQ8thpZ6j3F0aeub
What a Friend,Josh Garrels,spotify:track:54MtvzDX7G4m9m3h48fX89
Perfect Love,Josh Garrels,spotify:track:7uaj2P950wwM7zcdRPodNx
The Banner,Josh Garrels,spotify:track:3Hrw3rADUqbUlprHbhs0L0
Follow,Josh Garrels,spotify:track:10oJVzq7wz37yyCgLAgtjO
Don't Be Afraid,Josh Garrels,spotify:track:1gfXNDslNaplWHcY6cUdfC
"Take, Eat",Josh Garrels,spotify:track:7MwdHGE3zZHznI78nz3Bna
Evangeline,Josh Garrels,spotify:track:2X1rkqC4LKte2vvtKRdKxF
Streems,The Symposium,spotify:track:6swJpZoCzbqjMb47o7BoVP
A.C.L.,The Symposium,spotify:track:1ReJVAsBFgJ5E8ijuXDZbG
Soft Love,The Symposium,spotify:track:5eBgsJvvrwPAliPclS08x1
The Physical Attractions,The Symposium,spotify:track:2TeYAizye4GlmzQq5zyf91
Creeper,The Symposium,spotify:track:7HUDyDggRrBiaKdwXNssWC
Based,The Symposium,spotify:track:2TogYEdCs90G87y97bOILl
Nino 2,The Symposium,spotify:track:4TzBL5U7mByJbrlfeQ4Aj4
Synth Song,The Symposium,spotify:track:1nmi9pN41eZEuwILPoNOJJ
Red River,The Symposium,spotify:track:7evNwZyDKV0SmI2VWhlYA2
Starfall,The Symposium,spotify:track:13O71jFk7vpQ42zH21L36Q
Poison,The Symposium,spotify:track:1Jg3XdrCOZ5rrirIOggdtW
The 80's,The Symposium,spotify:track:1orxfrC2hNFhuvqI78F7iH
Tony Stark,The Symposium,spotify:track:6yljCYdn6RsTj8oWXPeJCl
Cowboy,The Symposium,spotify:track:6P43BCxdyfvTuTtn6ZyvXQ
Half Life,The Symposium,spotify:track:22LYLU1I0aCSMiq09oQlZU
Billy Shakes,The Symposium,spotify:track:63lsDLOJ7APPM5R1JAcjY1
Exploda,The Symposium,spotify:track:4UwehcBfjVGbrk7ffOhr7D
Bad Directions,The Symposium,spotify:track:0FjWaHeq4v4f8jgTBYkYwl
Going Undercover,The Symposium,spotify:track:63f4cyu1IquxuNLMUPhAiX
Style Guide,The Symposium,spotify:track:5PdEY1UsZk6snoMJ64gmdJ
Losing Game,The Symposium,spotify:track:5jHFkJUcYPswVAaI02397c
Real Ghosts,The Symposium,spotify:track:1HNvkvc1XBAbfmzKXxkeHr
Dracula's Lunch,The Symposium,spotify:track:4whXX2eT6wWWM0nA7E1hmi
Red River,The Symposium,spotify:track:4AQp8VkbXMU9gDI9KzwV2l
Synth Song,The Symposium,spotify:track:4KYz1kEWS9aMtmsRUxrRil
High^,Autism,spotify:track:0RN5fuqnp8mwKZ5O6h8qfw
Home,Autism,spotify:track:19Zv2q4qogkkWVnF1ApFaa
Meaningless,Autism,spotify:track:731CdAU4oYDu12rtlM8s9W
Hurt,Autism,spotify:track:6lqQ4NEXHkUf9dkvQAF6wh
Denis in London,Autism,spotify:track:72KP8vgH1W07NGLXqiKZ5E
Casha Varis,Autism,spotify:track:0VXC5YV32CTgggnJIgB0c4
Came from the Stars,Autism,spotify:track:1MzqH2NFux6TrJlRoilSv9
2 Norway,Autism,spotify:track:6F5fL7wEVcZsr50cQMcgF3
Things to Discover,Autism,spotify:track:5xqdBe6doZ7PDbsyHNwLmc
Exist,Autism,spotify:track:313Zi2ymGFXYlGSoh9smMn
Eyes Wide Open,Autism,spotify:track:4k8u58mNRM4fEOXay5EF0u
Home (feat. Minette Fourie),Autism,spotify:track:5vZfGAfHbigPbPV88FPZTO
High^,Autism,spotify:track:6FG2Vg6Z1NncRhIojzNhDi
The Bastard Son,Monolord,spotify:track:6CfOu4gJwFeJFMQwIX4N54
The Last Leaf,Monolord,spotify:track:0VwnpMHygq0filGVol7yn0
Larvae,Monolord,spotify:track:1EtNVUUpn3M6AANLnEAacL
Skywards,Monolord,spotify:track:3Mbc2ZA6r58G3yU9JYPnrb
Alone Together,Monolord,spotify:track:4rhjbP4pfRlDEUtQiK1iZQ
No Comfort,Monolord,spotify:track:4huD3Cn4VSPq0UrTctvL80
Where Death Meets The Sea,Monolord,spotify:track:4vlimecAXyybwo9GLk1ixA
Dear Lucifer,Monolord,spotify:track:0VeA4tsRHhNVQkSvDTuxiu
Rust,Monolord,spotify:track:6lFJiZ4aiGxobbu3ronF9O
Wormland,Monolord,spotify:track:4nDmx8cDebvDDvFW1lKYEq
Forgotten Lands,Monolord,spotify:track:0dHkrBzMK6ff8gfah5z0so
At Niceae,Monolord,spotify:track:5rTVbynv80E7bUcZ6n5By7
Cursing The One,Monolord,spotify:track:1EOi3tXcxcLjarKZeLPWze
We Will Burn,Monolord,spotify:track:2TnHBSSXEYsWp0z7a0pAHv
Nuclear Death,Monolord,spotify:track:1XGj1FWRjXTseCt6OfOBAG
Died A Million Times,Monolord,spotify:track:1jCmYspfPpczepcw5F3JRX
The Cosmic Silence,Monolord,spotify:track:18MAx6lSM6OjFEAvzXHlIo
Vænir,Monolord,spotify:track:2Zz1d82rhGhmY2WsJ4Out2
Empress Rising,Monolord,spotify:track:21pZBpd9XgAmJQFnBeLIKV
Audhumbla,Monolord,spotify:track:77zhyAUkTuDRiAXfpR3PSs
Harbringer of Death,Monolord,spotify:track:57IqHM36kkKO5TZbatPCg0
Icon,Monolord,spotify:track:2OOSLcKMwBJfFZK16azt0z
Watchers of The Waste,Monolord,spotify:track:7yqVuE8REfLVos7Exau4Ht
The Last Leaf,Monolord,spotify:track:6K2ZaCUlqKChYLeeNzTJRc
The Bastard Son,Monolord,spotify:track:3sfnpW1pV3r70L9O9MTZmg
Fairies Wear Boots,Monolord,spotify:track:3WShMw4mMvQcynGovIxTIF
Lord of Suffering,Monolord,spotify:track:72BAEOoiNJf3If71gQYt4c
Die In Haze,Monolord,spotify:track:1zFON4OPNzzDfrFvPLM1f8
Lord of Suffering,Monolord,spotify:track:0kjmQHkxepggqZTAdxq0Ko
Admission,Torche,spotify:track:5dtGknIS1Dg0yt2PMIkiBE
Antidote,Red Fang,spotify:track:6GJPSdvd1mrtb4T3YKPGlc
From the Ashes,Gatecreeper,spotify:track:0uHNEfXcDszk2KW3XWdRqX
Burning Myrrh,Full Of Hell,spotify:track:4pLqWRbgIPlSwb1uqVx9JR
The Last Leaf,Monolord,spotify:track:2DVu9joguY1Yx68nWlSt0A
Turn Away the Bad Thing,Ceremony,spotify:track:0RnCU8lQAWSdU2vulA0P40
Ravenous Cadavers,Exhumed,spotify:track:5FCqX2BAoncTYUUKCoz50P
Citadel,Inter Arma,spotify:track:1bbGx4dNCP5t9FMBqDp1BY
Black Flame Candle,Devil Master,spotify:track:0SyGVnuAYH5VP5Cy1LkJZm
Super-Stare,Candy,spotify:track:6WtuJ8fYas5Hxof9e5giiZ
Cognitive Sedation Butchery,Devourment,spotify:track:4AKtfskgjmGpq6FdYI1Tsu
Forgotten Cemetery,Coffins,spotify:track:3IN9ogpNSrH8tpviUGFxL5
Death Becomes My Voice,Ringworm,spotify:track:1wihQS6WSQxz3vJSBTcj0o
Concept Unification,Pinkish Black,spotify:track:3VHBKAA2SDBtiLYIGnWlVi
Sooey Pig,Cherubs,spotify:track:3cu29Tvl92fhOp2pGkbDFo
The Horse and Sparrow Theory,Victims,spotify:track:6ZR0dVesJs9c2VB2GWei4T
System Error,Zonal,spotify:track:7cxGiDzPI9T5qOrBn4PGDf
The Bite,Steve Moore,spotify:track:5aUehCzxP8Lo7OnS1Revee
A Dying World,Obituary,spotify:track:4HkMxm3st6lOx5P8DmSkMm
All Death is Mine,Integrity,spotify:track:5NiJcL2BNUS169qI3Z0pkb
A Crude Sectioning,Author & Punisher,spotify:track:4wIx99JaRn6pgAJidP10nz
Heavy Water / I'd Rather Be Sleeping,Nothing,spotify:track:22OzWPprasIwIDSkYItPrE
Lunar Mass,Mammoth Grinder,spotify:track:5z2MXL29dqinqvUpEhNtVv
Cryptic Visions,Outer Heaven,spotify:track:2CA27TBq4wwaUsJWKismgH
The Ibex Moon,Incantation,spotify:track:2iKiynhCnoNtxbGUQx89uU
Woodpecker No. 1 - Remastered,Merzbow,spotify:track:3Z9oJw85yQJ4DBpU4CBSX4
Arithmophobia - Live from Phoenix,Animals As Leaders,spotify:track:2PA0tMnMWtFPp5V69xVsj6
Tempting Time - Live from Nashville,Animals As Leaders,spotify:track:50e50gdnZeBu80QvZrTGgn
Ectogenesis - Live from San Antonio,Animals As Leaders,spotify:track:0YdTXUV7bNPm3ecjSwE8Iy
Cognitive Contortions - Live from Denver,Animals As Leaders,spotify:track:2qTZWQo6j4WJcU92nzz9Fz
Tooth And Claw - Live from Seattle,Animals As Leaders,spotify:track:4S1ay4kxJt1UJiksb5luCq
Nephele - Live from Detroit,Animals As Leaders,spotify:track:31QR0UmLRNUsFnTMk93XHb
Physical Education - Live from Philadelphia,Animals As Leaders,spotify:track:1hFH99srttKULXjYL9InCX
Brain Dance - Live from Dallas,Animals As Leaders,spotify:track:6W6zxnTS9eoLjF6M0HAJSC
Private Visions Of The World - Live from Salt Lake City,Animals As Leaders,spotify:track:7fY0d0ssLVshlLNZDnHyQk
Kascade - Live from Providence,Animals As Leaders,spotify:track:5pkAR66E8myJigkzJOjMGO
Inner Assassins - Live from Los Angeles,Animals As Leaders,spotify:track:5DEpQAD08rF3acJzWvfyd2
The Woven Web - Live from Portland,Animals As Leaders,spotify:track:7HiH06On60or0MSJsk8Yyg
CAFO - Live from Las Vegas,Animals As Leaders,spotify:track:7CDIGR91QCm55ItEeLaYPi
Arithmophobia,Animals As Leaders,spotify:track:3JHeDGTzb8RndNpq2MGclj
Ectogenesis,Animals As Leaders,spotify:track:2iG3f8JUFgLIVddPlP1zap
Cognitive Contortions,Animals As Leaders,spotify:track:4tQN38OOwoBU4yROKfZF59
Inner Assassins,Animals As Leaders,spotify:track:3kt0MiWmUr55mNpOyizm83
Private Visions of the World,Animals As Leaders,spotify:track:472vi5RE3rBOQlB3TVAn4O
Backpfeifengesicht,Animals As Leaders,spotify:track:2S9HEGqaXcLVrudgt3SesA
Transcentience,Animals As Leaders,spotify:track:7hNVPBvZ0VjbLnQ407O9tS
The Glass Bridge,Animals As Leaders,spotify:track:07wg107EmLjYJxvKUPSSpV
The Brain Dance,Animals As Leaders,spotify:track:7cO6rxZSi7Ura92FtspKaf
Apeirophobia,Animals As Leaders,spotify:track:33Y6akOm1Sk2g6nXxNVh9x
Tempting Time,Animals As Leaders,spotify:track:5WvMZ7AC5DOp0fVY5mwpMi
Soraya,Animals As Leaders,spotify:track:6tAXfvwilSs6mQJVyFmEb3
Thoroughly at Home,Animals As Leaders,spotify:track:5tBsFP9XBdphXhbWlwXiCe
On Impulse,Animals As Leaders,spotify:track:1ZWZO4Uc2W4U6ISIFtBCuJ
Tessitura,Animals As Leaders,spotify:track:4mYodedV6gqsKoSWeB8tTK
Behaving Badly,Animals As Leaders,spotify:track:0l9li2UFXXFRglpy7GMYGs
The Price of Everything and the Value of Nothing,Animals As Leaders,spotify:track:1UGLxDVUf3XJRG1zCyeUUX
Cafo,Animals As Leaders,spotify:track:6i8TDqnHN7GF9uU3LJCklq
Inamorata,Animals As Leaders,spotify:track:0IvrpwemECloZcEXItGbyZ
Point to Point,Animals As Leaders,spotify:track:65vUiT6J8LMq6e8YcKTCeC
Modern Meat,Animals As Leaders,spotify:track:2OKYqk9p2fRFVQwaMPDSqY
Song of Solomon,Animals As Leaders,spotify:track:3PhooEcnMRr8mfNiXW2fF0
Wave of Babies,Animals As Leaders,spotify:track:5Z8RhEmudSOtX5tJhZ1Yvo
Kalimba - Bonus Track,Animals As Leaders,spotify:track:13vVuO0MNV5AbBgcXOM0S8
Orea - Demo,Animals As Leaders,spotify:track:1oR5bPDaYrsruSY6eeecDk
Kascade,Animals As Leaders,spotify:track:7hY2Kc7Hvu0BudOoQwu8Ez
Lippincott,Animals As Leaders,spotify:track:6s1vvfK1oFGH3ue4hkERCx
Air Chrysalis,Animals As Leaders,spotify:track:3X0yUZJfy2ygoDqNeBxZno
Another Year,Animals As Leaders,spotify:track:6791xRWIf9DWEudbE7cg9v
Physical Education,Animals As Leaders,spotify:track:0JGuSgtmWyfuxLGBs2wX0C
Tooth and Claw,Animals As Leaders,spotify:track:43kvE0evfgiatOSth0XyFa
Crescent,Animals As Leaders,spotify:track:0QkQT5EQz02GcM0gAA8cLI
The Future That Awaited Me,Animals As Leaders,spotify:track:0opZ1ZwRKZAiZWXhDHFs2T
Para Mexer,Animals As Leaders,spotify:track:69fpb1fAdyuO6DHx6daRRE
The Woven Web,Animals As Leaders,spotify:track:4j6ascTxs21rACPdPpqFQN
Mind-Spun,Animals As Leaders,spotify:track:6IATawAyZRMbiYTY2wpkyZ
Nephele,Animals As Leaders,spotify:track:6OrrIP1n3M3psLx38w6CzG
An Infinite Regression,Animals As Leaders,spotify:track:6TusaYvpkgyJhJ8tvXo03P
Odessa,Animals As Leaders,spotify:track:0KU0ZSnnPo5QjncWPz1g1f
Somnarium,Animals As Leaders,spotify:track:7t3zWOXjlXQ2NYeEc6EoYr
Earth Departure,Animals As Leaders,spotify:track:7a4YErm5cYs3ZLUndwp2pr
Isolated Incidents,Animals As Leaders,spotify:track:60CmclXg3KdoiZ7TvUY2zD
Do Not Go Gently,Animals As Leaders,spotify:track:53MxeFpq33qUYUT9yue3Yj
New Eden,Animals As Leaders,spotify:track:3pqgn0ZL25lhuOfZcxWMB2
Cylindrical Sea,Animals As Leaders,spotify:track:0zm05SKzrruqg7hMXRfW2S
Espera,Animals As Leaders,spotify:track:3zndiaSaHvTkzAk93J6OyZ
To Lead You to an Overwhelming Question,Animals As Leaders,spotify:track:55RgRMx7tECFL7ZgAsJbC9
Weightless,Animals As Leaders,spotify:track:5OYumxiBEEEL5Hq2fGhpsS
David,Animals As Leaders,spotify:track:70jpGVeinaEXDGB6pZlpoG
Wave of Babies,Animals As Leaders,spotify:track:4i3fHA0aGUKUZEbJ5b3RqE
Holy Ghosts,We Stood Like Kings,spotify:track:55ybvxm3XaT8KoOAArPrmY
Four Corners,We Stood Like Kings,spotify:track:35NdAwCxIzSJOpdtsclGdX
Nuages,We Stood Like Kings,spotify:track:2tC0zSnzmKnPwCYtTwxILW
Heat Haze,We Stood Like Kings,spotify:track:4IXHEeoN04wJfJl6xdzZqZ
33 Eleven,We Stood Like Kings,spotify:track:65Ea0nLqBXP2pQFipw86jf
Grand Illusion,We Stood Like Kings,spotify:track:5LT3Ha6Xkz5qJh1RI0fQAB
Night Owl,We Stood Like Kings,spotify:track:4rrYv5DsU0JJbV6Kpr4KWJ
Machines,We Stood Like Kings,spotify:track:3rp1M1v9giHaEN3TnvWo2E
Eldoradosis,We Stood Like Kings,spotify:track:1cP8ZkmiSVAQPfM3oxfmKA
I Like That,We Stood Like Kings,spotify:track:3brT7Xat4R9IBkNmJRK29J
Atlas Centaur,We Stood Like Kings,spotify:track:1FbnUCjF83A496wtCpLbiz
Capital,We Stood Like Kings,spotify:track:5VM1LwaZgXhc0cbnRPUqTc
Downfall,We Stood Like Kings,spotify:track:0VirdYPHBaKquwYE6P4r6f
Siberian Taiga,We Stood Like Kings,spotify:track:2N3sROlkR84mjuAf0S4ZqM
Are You a Master Too?,We Stood Like Kings,spotify:track:4E6pE4kxnl9E6Z8LOB1kOY
Kremlin,We Stood Like Kings,spotify:track:4myaUOwQS29vhxYHC2Bvpt
Immense Wealth,We Stood Like Kings,spotify:track:0E9b090I7n97dRmZFjrDGe
Caravans,We Stood Like Kings,spotify:track:5jSGTmdHoQfdd7swn44ZQP
Samoyedes,We Stood Like Kings,spotify:track:4cl1O2soWf7enf2P08uILA
The Black Sea,We Stood Like Kings,spotify:track:0wZilN52tmNdmrzTzE9ZX7
Icebreaker Lenin,We Stood Like Kings,spotify:track:5CNaPhHpJ6PFsBtclUNsGy
Volchovstroy,We Stood Like Kings,spotify:track:5jw8MXn0kqxws1uz4eRTR4
Akt 1,We Stood Like Kings,spotify:track:4I45oFYdZPAvrmeu5fHK02
Akt 2,We Stood Like Kings,spotify:track:7qhhu9jIw9PZ15slIriHyC
Akt 3,We Stood Like Kings,spotify:track:1d3EabomcAWEDMkR76KQzF
Akt 4,We Stood Like Kings,spotify:track:0IrIMoyJtMwfiVfRHtm5eP
Akt 5,We Stood Like Kings,spotify:track:1CWJaEn4QlrTmP1jZsjI0W
Scars Whispering Secret Tongues,Weeping Sores,spotify:track:2d0jmOKII0pWvLFEBKcNYy
Song Of Embers,Weeping Sores,spotify:track:7LKzBJ93oKRFXY19LuFRLO
Transfiguration Of Flesh Into Dream,Weeping Sores,spotify:track:4TXeiMCf1BVcxXkxM0fdlx
The Leech Called Shame,Weeping Sores,spotify:track:3vNQEbVqjJ6z7qWcYSNPcT
Valediction Prayer,Weeping Sores,spotify:track:1aEEYYigwR9m5yDakU4BSs
Sinking Beneath The Waves,Weeping Sores,spotify:track:3FuHlbvK9b4DJBxnWCArpb
Time Is Running Out,For The Taking,spotify:track:7F9Lxe23vveb0kO8AK4RBM
Collapse,Mesarthim,spotify:track:0g1QVXjr7cyDSE5QcMXrhw
Transparency,Mesarthim,spotify:track:7d1yTYaBSoFTENW4zfH7qw
74%,Mesarthim,spotify:track:11SnwChVvjyDb7flWC09Ac
Recombination,Mesarthim,spotify:track:3DMWcPPS6X0oB6cyfwgB8f
Fragmenting,Mesarthim,spotify:track:7l6Cx5d2mhik6EGvuExr4G
"Absence, Pt. 1",Mesarthim,spotify:track:1tzFWPuhFX9oaTLkeBqymv
"Absence, Pt. 2",Mesarthim,spotify:track:0nTnUSwTwmlZVPjsDqhLd5
"Absence, Pt. 3",Mesarthim,spotify:track:2aPmd4z1TeU8vMG40xXxcx
"Absence, Pt. 4",Mesarthim,spotify:track:02kgAChi4mZe4rtiRPiBhl
"Absence, Pt. 5",Mesarthim,spotify:track:75Hn0fVjARBS77gOp6zDPV
"Absence, Pt. 6",Mesarthim,spotify:track:7b2SJV3e5rgOGlcuCvkS9E
Osteopenia,Mesarthim,spotify:track:7bsIyIC9v8OPE7rBWEkEUL
Declaration,Mesarthim,spotify:track:5dOGQEuS6CNQQ4ZsOWZbIt
Interstellar,Mesarthim,spotify:track:7BR13PSsAAy4ddDBWq81NF
Abyss,Mesarthim,spotify:track:3kY5kGKdeuIYy8yZpt18h8
Floating,Mesarthim,spotify:track:5GhPr1OXTn1mBR0ps2tcgV
Isolate,Mesarthim,spotify:track:2T5tyHLd0YLFkb5LYXglfg
Suffocate,Mesarthim,spotify:track:1P16BS4huSbGwlGw8bDbhc
Pillars,Mesarthim,spotify:track:1kmQ3bJzPKOeizaK3CZuvf
Orbiting,Mesarthim,spotify:track:0DYLmHAHe4JHJBTbQJOfDU
11,Mesarthim,spotify:track:5rvlZXbILEQAbez7yPZn7C
Constellation,Mesarthim,spotify:track:6yae1L7yBuiLMy4o74KZmc
"Ghost Condensate, Pt. 1",Mesarthim,spotify:track:0tRSRBBYp27MDxp3ABM8JV
"Ghost Condensate, Pt. 2",Mesarthim,spotify:track:2gmejTRmjZwq9Jkr0Dfwf3
Coma Wall,Mesarthim,spotify:track:3iLrM28UTsHjFl1Ky9H438
The Great Filter,Mesarthim,spotify:track:62rTlu4LH7f56WHEyZLddf
Type III,Mesarthim,spotify:track:4iUUIHGi2q5hpew5ew16Z3
Never Going Back,The Score,spotify:track:5k02Wjsu2MdpF3c9VFQD0k
Legend,The Score,spotify:track:3SWqGa1J0M7hSBUDM0KePD
Only One,The Score,spotify:track:7La6wwwBcYGqml4BOoZlta
Tightrope,The Score,spotify:track:0BRK99SmPJZIvJoYqCSMNc
Believe,The Score,spotify:track:24q6bzBY4GzhSzy60l7wdr
Unstoppable,The Score,spotify:track:6rrKbzJGGDlSZgLphopS49
Who I Am,The Score,spotify:track:4zIJHigfguvdm3O8c9KPeo
Revolution,The Score,spotify:track:7Fv8Qp3tTSbSS2VjryUF7L
Shakedown,The Score,spotify:track:4Y3NhXIiXodNbyXdLpRF0n
Higher,The Score,spotify:track:0sJ4NbFdEhgLOtInlbRmFl
Miracle,The Score,spotify:track:6A6PDawvZIfnJHW40sBHzz
Strange,The Score,spotify:track:623eFb9Ygzwq3eezP4K57I
Never Going Back,The Score,spotify:track:4hT5NcdAwYryjYrJn7ttFo
Legend,The Score,spotify:track:3i4a6wJjy0LNFR2rXAIxpg
Only One,The Score,spotify:track:02YvlnkNkvr9kFfDu3LdCx
Tightrope,The Score,spotify:track:5x5WrxKk8o5Oy2rYty0zm5
Believe,The Score,spotify:track:4PKZKVjsrtHjopUQWrFW1D
Unstoppable,The Score,spotify:track:6rPrguEKUHJRbkYgNUl1Bm
Who I Am,The Score,spotify:track:5Kbm8MAIsN4IYXHLmRiIAG
Revolution,The Score,spotify:track:5Qs72OBqzllBJlcu5uDq2K
Shakedown,The Score,spotify:track:0B3jw7lL1a91bwrLAuL8Oz
Higher,The Score,spotify:track:438nzSx7q8OkDy1MvpV9IF
Miracle,The Score,spotify:track:1wzagXuzLYWusA2VIB8ERV
Strange,The Score,spotify:track:4CuTjbsIVsKJL9FeDS9Uqy
Money Run Low,The Score,spotify:track:3LhGRE7ZNOEZhrqazWMYRI
The Heat,The Score,spotify:track:6CG9h12IPYyqGBNBp72SuR
Where You Are,The Score,spotify:track:0P5Ekq9FvVIPlz2c0RSYsM
Don't Wanna Be,The Score,spotify:track:545IAvJhs5Q8vzegmqmy6w
Going Home,The Score,spotify:track:0Cz3LgsBXYwe0vM42614Gn
Unstoppable - Stripped,The Score,spotify:track:1IPCp2nxIIcFVuJuJpIq3w
Legend - Stripped,The Score,spotify:track:5VD96yFNHhmCZgjOBeJjt6
Miracle - Stripped,The Score,spotify:track:2kBgfO12tPvEV5PHgteZ2l
Revolution - Stripped,The Score,spotify:track:0YwFTvHvyTBAh5YKja0sKO
Higher - Stripped,The Score,spotify:track:5vzwBGLqUSNVNnp7p7tAQ9
On And On,The Score,spotify:track:65Ce0h4SA18GuH6nuI1QWe
Unstoppable - Rebel Remix,The Score,spotify:track:2qzz4ps7D2g7CEkc2ZPSLq
Oh My Love,The Score,spotify:track:4Q99wmrzQFtK3oweyLkWij
Where Do You Run,The Score,spotify:track:3iHSJIhXuDC0V0S6m9yW2B
Something New,The Score,spotify:track:1Hv3FkfgVhuiAWk6jKsY29
Livin Right,The Score,spotify:track:4g6yMeoclOA84It9E9R8H1
Bulletproof (with XYLØ),The Score,spotify:track:2xVyWv5f31wI37XeYbXjWJ
Stay,The Score,spotify:track:4y2a8Gi924VQXgHdZQlXQd
Rush,The Score,spotify:track:2xrW6sZRmahuSAQMxO4BmJ
In My Bones,The Score,spotify:track:6e7HeiJ73JX3VWTWsElnIr
Run Like A Rebel,The Score,spotify:track:236TyaLwvucMJUN2BeFkWU
Hunger,The Score,spotify:track:7q5ArsR0Yoz4Te9RyN32lK
Can't Stop Me Now,The Score,spotify:track:5sqJrTHwsbdrC3nzexXien
Dreamin (with blackbear),The Score,spotify:track:2EtDBM1HREttw143IwZvJ0
Stronger,The Score,spotify:track:0VeoSHlgashtg5JYPJjl15
Under The Pressure,The Score,spotify:track:2qdjgXaSMJrG6bRc2Qt6oS
Born For This,The Score,spotify:track:5Sco7mbJy7p7vdDtJW10fZ
The Fear,The Score,spotify:track:2cppGOIz0cuDnKoGzrDsJQ
Glory,The Score,spotify:track:6hypt8VPJxeMXTTcRUHS86
Dreamin (with blackbear),The Score,spotify:track:1AzyLY8KdlQpLKS0O2eC3d
Stronger,The Score,spotify:track:5PJ8d0AJiq31N5tKur4UAD
Under The Pressure,The Score,spotify:track:5xKfNGlM3IiUIeRbMFyAuL
Born For This,The Score,spotify:track:5cssh6pG5psDumnxABxa6h
The Fear,The Score,spotify:track:2VyebN4OyIt8K8yMfOgxJx
Glory,The Score,spotify:track:1l4ifHOsF9pBmBzcaVtSTE
The Man,The Killers,spotify:track:0QuuDvOB9fZ49pZ2cIdEdw
Highway Tune,Greta Van Fleet,spotify:track:1S3V5gvuLYt2Nabd3vVz1f
Raise Hell,Dorothy,spotify:track:2JjOVpBFUCEiy4xrMimlxq
Jungle,X Ambassadors,spotify:track:5OAmfxejrPG9ghOOSaTtP3
Believer,Imagine Dragons,spotify:track:0Xk3DdaHhugSv35OS6yBOj
The Phoenix,Fall Out Boy,spotify:track:7GX1xCv2mMyx9MjNMTGVRn
Rock Rock (Till You Drop),Def Leppard,spotify:track:7CczYOVXuHdlwc1AVN5BhL
Giver,K.Flay,spotify:track:46zbeXMf72we1qDO4QFI3n
Stuck,Circa Waves,spotify:track:5tVaqYJFRwbF4FmGQYZvs7
Anarchist,YUNGBLUD,spotify:track:5NeeTFfmqE5nnf7otf68WD
Homemade Dynamite,Lorde,spotify:track:5FRcWqXhg2QQLpcvXxLYq0
Nimble Bastard,Incubus,spotify:track:149eT8qBKKzmi86t7ffGxh
Rock And Roll All Nite,KISS,spotify:track:3c2KAkZBwEXcygUzqwW240
Doubt,Joywave,spotify:track:5AigJwauxX31BZdfA2jigt
House On Fire,Rise Against,spotify:track:2UkapgPMxPnTqruqSQwZiU
Unstoppable,The Score,spotify:track:4gBBpJpcsCfVhKhBMNMdgX
Hellfire,Barns Courtney,spotify:track:0kq8XtgUqaXfRPn2mAP6d5
"You're Gonna Go Far, Kid",The Offspring,spotify:track:2qLVJHteiZf84Lt46yoZZ9
LEAN BACK,SUR,spotify:track:7vwpK5NuP0SeiEHcNkibv8
Tidal Waves,Parade of Lights,spotify:track:5ilhyq1Q08UkCjikChLqPU
Animal,Badflower,spotify:track:4kIFYUTwxis6oMoQ837GWD
The Middle,Jimmy Eat World,spotify:track:5nJjIYKLQXtEdvY2Ju9ivA
Hell Yeah,Rev Theory,spotify:track:2DK7d4rQkTpZ7P81M0Sjou
Charge Up The Power,Goodbye June,spotify:track:5apjZz0bIyihlZYrQEyCt1
Woman,Wolfmother,spotify:track:0ih9zKff98LBiaSnr95fBu
Thunder,Imagine Dragons,spotify:track:6ODflzceijTSdpXTewI9vT
Lifelines,I Prevail,spotify:track:5ZEgnZJrRSkUa9TIUzeBsS
Gives You Hell,The All-American Rejects,spotify:track:7m9YdvqfDPenYsmUWxTjan
Legendary,Welshly Arms,spotify:track:2AqA5D4IH1kkumePyddIww
Who Do You Love,Dorothy,spotify:track:4qyEurg2SR5ux2njXICWO3
Sæla,Black Foxxes,spotify:track:30hAKpWVyFP502jS2L7MMA
All Star,Smash Mouth,spotify:track:3ysnAWWiD1wUP8sozkGaZi
Sweetness,Jimmy Eat World,spotify:track:5Ulr2JIslBb0ctDNNGqtV4
Ultraviolet,The Amazons,spotify:track:2f9HPXdhJnkOYu7NzRQDn9
Deathwish,Red Sun Rising,spotify:track:1RPFRJfBO6ez1GrOQpzCvS
Sinners,Barns Courtney,spotify:track:2RIm8rTLK5L3aPLqDAAuON
On Top Of The World,Imagine Dragons,spotify:track:4cnv4NZoRnyEo6E46XxRhP
Feel Good,Neon Trees,spotify:track:23RrRmKJ2y7AI5ccOeV83c
The Light,OUTLYA,spotify:track:5GOd7PoxBmDKVyIfk85AT6
Stay A While,Cemetery Sun,spotify:track:5lgytsKakClJ2EgP1SWr3k
Walk On Water,Thirty Seconds To Mars,spotify:track:7eGLc7OUSkuxAPhb0xU3HD
Let It Go,Def Leppard,spotify:track:1PypqGc52b8ZS9vXSjvJPX
Legend,The Score,spotify:track:2z6cFJornjCykDGKvbE3oV
Church,Fall Out Boy,spotify:track:6cjBtLswo1ykTV4DsILCl8
Rock N Roll Is A Risk - Dialogue,Jack Reynor,spotify:track:1ark994TCfF1xPgqPMbQWT
The Riddle Of The Model,Sing Street,spotify:track:3kL0hGSLK7AvirpRRhFxxK
Up,Sing Street,spotify:track:1dv1MtRtCVwdhbZcP8QhpO
To Find You,Sing Street,spotify:track:3DJ8IjXOW4k7YIqurQrPup
Town Called Malice,The Jam,spotify:track:2K8zycjCLm9igBWa1NUPer
Inbetween Days,The Cure,spotify:track:1MJmPdEhRwODDaeAKCx1ue
A Beautiful Sea,Sing Street,spotify:track:4L1iTiX8g6lXDT5T52isiM
Steppin' Out,Joe Jackson,spotify:track:54tkJ5f35SUxUIQIA0IBFc
Drive It Like You Stole It,Sing Street,spotify:track:6EflzVocOQx1pGypWQCihZ
Up - Bedroom Mix,Sing Street,spotify:track:1zPOuANX92Pt6lhV4hDcwV
Girls,Sing Street,spotify:track:4N7yCHGowIhpQvAxpSp9Gx
Brown Shoes,Sing Street,spotify:track:4nZdYdzasDWpG6UJ1pYMNU
"Up - From ""Sing Street"" Original Motion Picture Soundtrack",The Score,spotify:track:7e1zGRNb812zAhigc6RXA9
"Drive It Like You Stole It - From ""Sing Street"" Original Motion Picture Soundtrack",Hudson Thames,spotify:track:14BnjLlxwHwTEGmPCGp52R
Rock N Roll Is A Risk - Dialogue,Jack Reynor,spotify:track:1dYeAkTNpwmD5IntDKynHQ
Stay Clean,Motörhead,spotify:track:3yzpsMUtSsUxzuSuBvlpFM
The Riddle Of The Model,Sing Street,spotify:track:3FGMAeRMKeYh7MMPfD5vYX
Rio,Duran Duran,spotify:track:28w1lxaJ9u4mmbEvQipj1L
Up,Sing Street,spotify:track:6A4B9aLQCNJtsXshvAmoIT
To Find You,Sing Street,spotify:track:2iJhgeqy5iIA9Thm8hQSH0
Town Called Malice,The Jam,spotify:track:6k7xKhFaadbZf0OXAN3BOR
Inbetween Days,The Cure,spotify:track:6t1z3qjnXg2kZMJYdp0EQY
A Beautiful Sea,Sing Street,spotify:track:2V3VVSADFAD6zDa43Sf9We
Maneater,Daryl Hall,spotify:track:1aLOBKfTC5vNNx2Ks8o3dk
Steppin' Out,Joe Jackson,spotify:track:0hZfEG5H3n4V6Ls2khCmW6
Drive It Like You Stole It,Sing Street,spotify:track:4hCLAWaQXvcEpUbGgyfEsX
Up - Bedroom Mix,Sing Street,spotify:track:2Jwj6xMLcXBHQo4KYgPAvh
Pop Muzik,M,spotify:track:0Ok75IvXBuTmYJp2ICASm1
Girls,Sing Street,spotify:track:1IHhfAb2VNv0GrdMCvJUOZ
Brown Shoes,Sing Street,spotify:track:55n89wNxYAqzWdwjY9Ikoe
"Go Now - From ""Sing Street"" Original Motion Picture Soundtrack",Adam Levine,spotify:track:0WCihgljoecoZz8d6VmXsm
Up,The Score,spotify:track:2y3fRr9KBIwIWlD0HJ6wiV
Rock N Roll Is A Risk - Dialogue,Jack Reynor,spotify:track:6fW9cilHYIZP7Pmv8cws4Z
Stay Clean,Motörhead,spotify:track:4darFGRwNWh1OHFEjUs0hq
The Riddle Of The Model,Sing Street,spotify:track:3OkMjd8EIlhE9WHRG4xHl8
Rio,Duran Duran,spotify:track:4D2M6jUBB6wQDqpiu4lHmj
Up,Sing Street,spotify:track:44TV58bBAJnBO9keXGFUJM
To Find You,Sing Street,spotify:track:1XeMjR6YhWQZfYyU118jM9
Town Called Malice,The Jam,spotify:track:6Z8CxZngW1Xx7B66MbKOPo
Inbetween Days,The Cure,spotify:track:3EY4O2ZQFIgVU4BSz5rSYx
A Beautiful Sea,Sing Street,spotify:track:5EsjSTpYqT4OasWIUiEklb
Maneater,Daryl Hall,spotify:track:649aazTivYZ6BIBQq85iUY
Steppin' Out,Joe Jackson,spotify:track:6axu8bf8zN94Tr7fYm8osU
Drive It Like You Stole It,Sing Street,spotify:track:2ZBiHAwdeCnrKvXap6Yzef
Up - Bedroom Mix,Sing Street,spotify:track:29aIPE2gNK6ZbH5v4Zsz63
Pop Muzik,M,spotify:track:1CVvWSswn2Uzai1TOKokxZ
Girls,Sing Street,spotify:track:72Q8naTvXXtYsSZdykYTGp
Brown Shoes,Sing Street,spotify:track:3Lh5WDaKKGWirmFckRRhsg
"Go Now - From ""Sing Street"" Original Motion Picture Soundtrack",Adam Levine,spotify:track:4Kt5vJrtALYStj6VC1a9PO
Up,The Score,spotify:track:2DrXLmjCZ8ycMIPi2UTOg2
Drive It Like You Stole It,Hudson Thames,spotify:track:36htaB4yLVMNNu4Pzr4d8f
Love Yourself,Justin Bieber,spotify:track:3EbyyULFsaKeREUJU7gZOE
Stitches,Shawn Mendes,spotify:track:30g2GemvTqGbt1IMT124lL
"Love Me Like You Do - From ""Fifty Shades Of Grey""",Ellie Goulding,spotify:track:11aPxOrBd7LmS9OzQpmF9h
Marvin Gaye,Charlie Puth,spotify:track:722INBxEhkJSPnq03aM5MO
Lay Me Down - Single Version,Sam Smith,spotify:track:0o0sBIafa7xcbvdRalikhN
Hold My Hand,Jess Glynne,spotify:track:4KSZQ1dOJuskMPSgRpottR
Up,Olly Murs,spotify:track:4s84qEr3myM91owN2VjMTj
Hold Back The River,James Bay,spotify:track:7btpl8keCswlMI3AFLaRtG
Shut Up And Dance,WALK THE MOON,spotify:track:7sie7iKNVyeqv8qy7fGEIC
Poison,Rita Ora,spotify:track:1u84bZVnK4plyRC1pl1RQi
Shine,Years & Years,spotify:track:3c0UyxMKN1RaTxvR3474Fl
Half The World Away,AURORA,spotify:track:2Zi6TTD2d2H66oOHqWWLup
Sugar,Maroon 5,spotify:track:1Ddc1rkpU4ap80fECZqxBg
Best Day Of My Life - Single Version,American Authors,spotify:track:5vLtY20lX6Nen0qn79SzWw
Take Me To Church,Hozier,spotify:track:5hRNtgdE7K47IbFsNVConB
Clown,Emeli Sandé,spotify:track:7xuFbBcSzcEg4PnDlIYlnY
If We Ever Meet Again,Timbaland,spotify:track:6qCib5qqzzUz6DPWSn5wEh
Rule The World - Radio Edit,Take That,spotify:track:5iJRgGVSe2ahmrP7iB4J9I
Valerie - '68 Version,Amy Winehouse,spotify:track:1Ya1KTVH9mkE8ZWivJlXai
Ho Hey,The Lumineers,spotify:track:4NVFzyePOvHB41kRgsKeNA
Fight Song,Rachel Platten,spotify:track:3OmozOBNT5ip3hjdrvqQTv
I Really Like You,Carly Rae Jepsen,spotify:track:7t5mLj2z6w7nZHnzNI8JKY
Jealous,Nick Jonas,spotify:track:0JqAhtNM4MrTgWyDP5z4BR
Want To Want Me,Jason Derulo,spotify:track:3b3EjpbPXjCbRX9H6Rivpw
Fast Car,Jonas Blue,spotify:track:1vZEW4LkHsZHYCeqGyiMs1
Can We Dance - Radio Edit,The Vamps,spotify:track:0u93cZQxx3q3ZV8icsdJOX
Cool for the Summer,Demi Lovato,spotify:track:6dN40esmm9G3GGD3gvFkIT
Crazy Stupid Love,Cheryl,spotify:track:4Ksel1DG1cG061oEQ8F9Aj
Coming Home - Acoustic,Sigma,spotify:track:4UlUXIAjMNBAGQqifPSjZw
Ain't Nobody (Loves Me Better),Felix Jaehn,spotify:track:4NylOakvtbgmddtQZbjXKs
Oh My Love,The Score,spotify:track:7knrh8HUAT716VnWx2Nhk2
Come And Get It,John Newman,spotify:track:2dJymnMbvou7LRhn6R6nij
You Give Me Something,James Morrison,spotify:track:3OOqat5IWzVQUZScbeIUGu
Apologize,OneRepublic,spotify:track:4BEI5EPu2lGyejyr3t9z33
Stickwitu,The Pussycat Dolls,spotify:track:2HRN4fM1bMygi2xS1Wn8HC
Love Machine,Girls Aloud,spotify:track:0ZO0sYa5dOQpg7ImwHqjPQ
Born This Way,Lady Gaga,spotify:track:77oVlZyUdFG412Wu4kvgCk
She's The One,Robbie Williams,spotify:track:39YXeNIonaEH1GxsvNqPYi
I'm Like A Bird,Nelly Furtado,spotify:track:23IyYAcEUIcpfiX2c8keOy
Torn,Natalie Imbruglia,spotify:track:1mu759plGYdtgldaMNvIo7
"Juicy Wiggle (Munk Remix) - From ""Alvin And The Chipmunks: The Road Chip"" Soundtrack",Redfoo,spotify:track:55Q4cgei6rBjABzEd6qmGT
"Conga - From ""Alvin And The Chipmunks: The Road Chip"" Soundtrack",Alvin & The Chipmunks,spotify:track:509ijdHsK0qHqxIky76xcw
"Oh My Love - From ""Alvin And The Chipmunks: The Road Chip"" Soundtrack",The Score,spotify:track:4VdHTftg339xTcxKn0EtNi
"South Side - From ""Alvin And The Chipmunks: The Road Chip"" Soundtrack",Alvin & The Chipmunks,spotify:track:6m0nBnButdba95K7gwLAsl
"Iko Iko - From ""Alvin And The Chipmunks: The Road Chip"" Soundtrack",Alvin & The Chipmunks,spotify:track:6beSXVbbvppuDsgD1pAZuG
"Uptown Funk - From ""Alvin And The Chipmunks: The Road Chip"" Soundtrack",Alvin & The Chipmunks,spotify:track:5IoVR9ooWRTwtKUClotJ8h
"Geronimo - From ""Alvin And The Chipmunks: The Road Chip"" Soundtrack",Sheppard,spotify:track:2bCBowfjQbsT6jXEqpGqDx
"Turn Down For What - From ""Alvin And The Chipmunks: The Road Chip"" Soundtrack",Alvin & The Chipmunks,spotify:track:4IH37Xf6K3mx5t4i4v4pFi
"Home - From ""Alvin And The Chipmunks: The Road Chip"" Soundtrack",Alvin & The Chipmunks,spotify:track:3YQjXBF227hkVadbXvwaob
What Do You Mean?,Justin Bieber,spotify:track:7zeUcDXkUThku5QhKNrmva
Cool for the Summer,Demi Lovato,spotify:track:3Y0mQA93aWMWILY0IqG4aB
King,Years & Years,spotify:track:3RNgciRV44WAncTJJsk9nz
Don't Worry - Radio Version,Madcon,spotify:track:27Z1bBTaYDh034yrQIC0Hv
Come And Get It,John Newman,spotify:track:4efPEMTRg17d1VRIPPMquY
Headlights,Robin Schulz,spotify:track:5wy14H2LjaLgF7b38vUTQO
El Mismo Sol,Alvaro Soler,spotify:track:5JBGyzwnvWeEZHhR9Emycm
Ginza,J Balvin,spotify:track:61B2rQR1Da6PJV1ZX35Pxk
All Night,R5,spotify:track:6ErWYOxTvRlkEihwOwkjRG
Vuelve,Juan Magán,spotify:track:5VXp53tMykMyQT9dXc1doR
Wonder Woman,Sweet California,spotify:track:3VqJj9wWKNbQmlVpKvL6cH
Want To Want Me,Jason Derulo,spotify:track:6JgU73hz2w0TXU3ANxXMba
SummerThing!,Afrojack,spotify:track:6CgNztGl2moMQtBjwIF3wZ
"Love Me Like You Do - From ""Fifty Shades Of Grey""",Ellie Goulding,spotify:track:4PznAcwjiJNQ7fjtI2amBj
Love Myself,Hailee Steinfeld,spotify:track:3ldQpHj4E4XjD7we3FzlFe
Renegade,Eyes of Providence,spotify:track:70TJdIH9SN8cfPb5cu5Jbt
Koukou Move - Radio Edit,Sasha Lopez,spotify:track:4PCx9dLscAWoUhEdUUKBET
Blow,Victor Magan,spotify:track:3fWSoLiVyMRjwyjJbsHoDb
Close To Your Love,AtellaGali,spotify:track:4ZjNGMXnBIzF00MDk4yKzq
Waiting For Love,Avicii,spotify:track:0iATr8Y0uZGCqKCz0M33ZY
Ain't Nobody (Loves Me Better),Felix Jaehn,spotify:track:0KMVFkmDSOq6U6VTJUpOWI
Lean On,Major Lazer,spotify:track:38EpFQdH4acCzSqJZEPDtJ
Like I Can,Sam Smith,spotify:track:3iGNvEJgWYGVI13WEOoSWo
Good For You,Selena Gomez,spotify:track:4oHGBEgKQpe176cpdKjt6c
Goodbye,Feder,spotify:track:7CFAgvYSej7jzKJjTs09mR
"I Don't Like It, I Love It",Flo Rida,spotify:track:0Pu6MKk0SilGoVoL2loIjH
Talk About You,MIKA,spotify:track:1K4mbXWAw58QjTmEc2P3ck
Sun Is Shining - Radio Edit,Axwell /\ Ingrosso,spotify:track:4VKWLaR5waYqqIOVvhZmPv
She's Kinda Hot,5 Seconds of Summer,spotify:track:3eDDxJv2VRw5UurFxCJ7rU
Cool,Alesso,spotify:track:1I1F33u2JOMFJ5xaURNFWK
Beautiful Now,Zedd,spotify:track:5WFAl2R8Gr5IbkM5NemibQ
Stitches,Shawn Mendes,spotify:track:1VhD6cBuTHNFaoiR4ITatD
Hold You,Basto,spotify:track:18D28LokIe6EH59LekgOcP
Runaway (U & I),Galantis,spotify:track:5GjWMfpwcYiegUqkF2rPLs
Policeman - Video Edit,Eva Simons,spotify:track:1IpM3BnkHtfxMPOKd4Bpkr
Ready Or Not,Gelab,spotify:track:3k9VIB2UdFyjmVdLsRqb2m
Oh My Love,The Score,spotify:track:1dKkJyaFYhQGMPrIHlgPUf
End Of The Day - Radio Edit,Alex Guerrero,spotify:track:0e3dvVx4yBqjpR9tOrnxLK
Pégate,Ylenia,spotify:track:5vTmMnFCVP1ZQmEiGOE4Vg
Wake Up,The Vamps,spotify:track:13P6pTDmiQh5g2fOBNHYAA
What Do You Mean?,Justin Bieber,spotify:track:1RUHMjTOXRJZwIEAcydHQA
Levels,Nick Jonas,spotify:track:3WNrK1aZOZiQC4Q5Ar7Opi
Hold My Hand,Jess Glynne,spotify:track:0hlvNM4PghdZnWQGjz4BFG
Cool for the Summer,Demi Lovato,spotify:track:7utKCdQWFtYa0Ylt1wTyMG
I Really Like You,Carly Rae Jepsen,spotify:track:6Kyqf7S9zNUQ4zOyn6YyDb
She's Kinda Hot,5 Seconds of Summer,spotify:track:3eCiTpnc2OHXrR6orrCLWl
Not Letting Go,Tinie Tempah,spotify:track:5PQuVlNJs6zqMZz4DlHNJ9
Love Myself,Hailee Steinfeld,spotify:track:0AjFFMGvuSZG45473180Hj
One Last Time,Ariana Grande,spotify:track:3dCvjXHhoDoc2YiIWAy9sG
Oh My Love,The Score,spotify:track:60dAXFwPOLtbtjLTgp7OQc
I Want You To Know,Zedd,spotify:track:5GK0zSDUiQTAiafnsmQI5p
We All Want The Same Thing,Rixton,spotify:track:2x1nDnKHHsIGA6cGMlnkIZ
King,Years & Years,spotify:track:1JAE8nLkEtPlPqF3KOJMsG
Good Times,Ella Eyre,spotify:track:2QVBXJzYixVis5WRL1nuvP
Roads,Lawson,spotify:track:7J6DA8DchQVoorMrPxIiAU
All Night,R5,spotify:track:1VCFq8HIfOx95VU6GavE4J
"Best Summer Ever - From ""Teen Beach 2""",Ross Lynch,spotify:track:6JxYwm1M4cuSYEWqiESOuw
Runaway (U & I),Galantis,spotify:track:18Kiumpp6pifRwheXRezmT
Ain't Nobody (Loves Me Better),Felix Jaehn,spotify:track:7u4EPwxYWaeyCqJ7PUk28e
Glitterball,Sigma,spotify:track:5j4bsFxCIBTc9msaW2QFke
Baby,Justin Bieber,spotify:track:6qpmR9eeOsG1xW5aSke9Go
Party Rock Anthem - Radio Edit,LMFAO,spotify:track:4KSYnTx3GdsLt4Z5pM4VpS
I Gotta Feeling,The Black Eyed Peas,spotify:track:4fe5HQWvkOdCFelt25gx5b
Call Me Maybe,Carly Rae Jepsen,spotify:track:0HFtzMnjfzuVoCH5KXIVrI
Moves Like Jagger - Radio Edit,Maroon 5,spotify:track:1ndrznhsrj8wJo0VMP07Bl
It's My Party,Jessie J,spotify:track:3lfCpvWf7tq7geaV4SQn7y
Disco Love,The Saturdays,spotify:track:6XBLGYW2uD3hCUwOJmPPYa
Born This Way,Lady Gaga,spotify:track:3agaMLPK7nRhdUvKpPfyRl
"Let It Go - From ""Frozen""/Soundtrack Version",Idina Menzel,spotify:track:6d2XuXjLJLIvnsT00VwWAn
Firework,Katy Perry,spotify:track:1p5VfQJkatVZg6xC96JKRE
Call My Name,Cheryl,spotify:track:5Z70euOCdznOWxZyobc3DN
Can We Dance,The Vamps,spotify:track:0PjV735C6cb5Sjioug9LPx
Anything Could Happen,Ellie Goulding,spotify:track:1xeXMyO4mMYCNMWKqNEuzy
Come & Get It,Selena Gomez,spotify:track:782AbziUweSlNSFyQgrAeM
Don't Stop,5 Seconds of Summer,spotify:track:6XesBP8yFARcJdIMwxNBMq
All About Tonight,Pixie Lott,spotify:track:3Uc6ZC5IRG1ZG390tbJmOo
We're All In This Together - Graduation Mix,High School Musical Cast,spotify:track:1nN9zlsZTdoHjVpowuknkA
Don't Stop Movin',S Club 7,spotify:track:0Ov8K1FMAjelvLALkBcpbB
Barbie Girl,Aqua,spotify:track:6Y74r48BWnJs1LKnnKPec2
Love Too Much,Keane,spotify:track:0uQVkqWdjmjI2PyBeXHJDS
The Way I Feel,Keane,spotify:track:18mAggfWhdX9vcR4B5DwY3
Put The Radio On,Keane,spotify:track:0Aek3ePf2ngYCn3ZabQmMg
Strange Room,Keane,spotify:track:6gAfwouRpSAT1RAMtaSSeT
Stupid Things,Keane,spotify:track:6MmTICUGiQ0raoV9xqaKLn
Phases,Keane,spotify:track:0H2igpX2q1sQw4BD9nsSe7
Thread,Keane,spotify:track:0jtCa3XLLrofXAuh3dQzy7
Chase The Night Away,Keane,spotify:track:4UzRgkkgKbtnPbz3hBhyvS
I Need Your Love,Keane,spotify:track:0hYZEuOjA0u7LLLuOPx3cd
New Golden Age - Bonus Track,Keane,spotify:track:5p4mOotB8KzLUuDLZ1wJnX
Difficult Year - Bonus Track,Keane,spotify:track:56Lfi2D8GHrX8xbiYOUwF6
The Way I Feel - Sea Fog Acoustic Session,Keane,spotify:track:1XCUcokRAfiHGP52sxR9QG
Stupid Things - Sea Fog Acoustic Session,Keane,spotify:track:0ifNjbHkGnbHSeSTdG2fPf
I'm Not Leaving - Sea Fog Acoustic Session,Keane,spotify:track:2LxYEN2K8ItzJ6oQnPbyYZ
You Are Young,Keane,spotify:track:07h75cQlaZBLwwyeWTeIZX
Silenced By The Night,Keane,spotify:track:0BhGZmaQ1SET53qGkGvwxD
Disconnected,Keane,spotify:track:1wL2u2BP9T3cpskdffyfn5
Watch How You Go,Keane,spotify:track:3Wxu8QRCZdTvwFvwtWOMst
Sovereign Light Café,Keane,spotify:track:4QRkCwqwHFaZ7xeoR9CHL6
On The Road,Keane,spotify:track:4IGKv5K4HbAfufzf2OUEg0
The Starting Line,Keane,spotify:track:3jQg3xqVv1H6Y3jp6FzR3M
Black Rain,Keane,spotify:track:3NT6rwZk7igASQR4HJFP0x
Neon River,Keane,spotify:track:1QKQ8eP3aEsW4LEd42umP6
Day Will Come,Keane,spotify:track:7uuSUJdpPRoXeR37IAV1a0
In Your Own Time,Keane,spotify:track:6dksuIyuNHcFVcx9ixCMbq
Sea Fog,Keane,spotify:track:7F4jALhmdEQv49Dy6tNYLq
Strangeland - Bonus Track,Keane,spotify:track:1VI5LFMf7SFbcT3dz8XYHJ
Run With Me - Bonus Track,Keane,spotify:track:75Zc9ZHq8PY7NMtkIpbwM0
The Boys - Bonus Track,Keane,spotify:track:4dsiRFi3mmpI0pklauyoQx
It's Not True - Bonus Track,Keane,spotify:track:3GmNkKokMo8RgUxMdgRbiR
Silenced By The Night - Bonus Track,Keane,spotify:track:2BLnrhqfHx6G3ZAnHzIYxI
The Starting Line - Bonus Track,Keane,spotify:track:5uwUXAth3No4DVv6x4lXQ9
You Are Young,Keane,spotify:track:6klCzCgfcfNE1ii12WbfPn
Silenced By The Night,Keane,spotify:track:6egcrAqfnqYCgsF6ANPras
Disconnected,Keane,spotify:track:2M5FnjndyApT2PLq7J4FNO
Watch How You Go,Keane,spotify:track:0O3DY1nnuZI4uYAk31qc2I
Sovereign Light Café,Keane,spotify:track:38v9pKVik1eEJhpSuh97oc
On The Road,Keane,spotify:track:7npDMYrWBinJmMTq4Hjlc3
The Starting Line,Keane,spotify:track:1nlSWEZFWzlkcY9xSbXSQJ
Black Rain,Keane,spotify:track:1M3rySPl2d90i8nz54TPbI
Neon River,Keane,spotify:track:54s8UOK4CIiE2AtlPeKc6X
Day Will Come,Keane,spotify:track:1i9h8jS1E0uDq0aadwqWEA
In Your Own Time,Keane,spotify:track:08tPgbgTCxpPYVAmVPWuVC
Sea Fog,Keane,spotify:track:7yG9YNGOdc5KOAUWY8w9OY
You Are Young,Keane,spotify:track:2O748MOUwfYrYHZDTImOeA
Silenced By The Night,Keane,spotify:track:7BpcWdB4AfrrcopqQciFNH
Disconnected,Keane,spotify:track:6zqhbKHcqMwosPSJGGaRZG
Watch How You Go,Keane,spotify:track:37IDEFXfX9t5AeEqew6Plz
Sovereign Light Café,Keane,spotify:track:2hEtLlyNH0NPSbg1Db2tGC
On The Road,Keane,spotify:track:55S6wdddIJlSCRaeH3V9rG
The Starting Line,Keane,spotify:track:71cMGTMvzfZcxVNIrQnLiF
Black Rain,Keane,spotify:track:21J0WTV1iHSGcOMyMrPHqj
Neon River,Keane,spotify:track:0jnKDl1sxATSuePpbFvFts
Day Will Come,Keane,spotify:track:66gWVc2Dk6RYmrOrikPHzS
In Your Own Time,Keane,spotify:track:2Uazys25ajXoRbnGaZrtvb
Sea Fog,Keane,spotify:track:26noejzXpnQ5D5xHTQIS2T
Strangeland,Keane,spotify:track:6AOkcKBSsNnvIucwc6RcIx
Run With Me,Keane,spotify:track:4EsYcjbYLLhgMm7L2xB0bk
The Boys,Keane,spotify:track:7jc66G8Hp3Squi2fRdBACK
It's Not True,Keane,spotify:track:6UD5kZf9FD7rg6h2BErYSX
Myth,Keane,spotify:track:5twzXDsuJMCGiI0GxHj7Qr
Silenced By The Night - Live In Copenhagan (Spotify Exclusive),Keane,spotify:track:1mrTPmxPmBJDovjLj6kgA0
Sovereign Light Café - Live In Copenhagan (Spotify Exclusive),Keane,spotify:track:4xMW2IBopRXVr6V8Jkp3hz
The Starting Line - Live In Copenhagan (Spotify Exclusive),Keane,spotify:track:7j38gU2TaMofh0UHTlXsAG
Sea Fog - Live In Copenhagan (Spotify Exclusive),Keane,spotify:track:7bxbI7SB0COei2nfS867mS
You Are Young,Keane,spotify:track:1NM0FmVX5uNzzTbf9q1NSL
Silenced By The Night,Keane,spotify:track:1PNQQEP8zQ3D7MluvtMaFz
Disconnected,Keane,spotify:track:4W2v01xXM50sZARXFIhHCE
Watch How You Go,Keane,spotify:track:1oK9MT5fMtrOvucowRpEaI
Sovereign Light Café,Keane,spotify:track:0JX0I6pT3G7qjoGYXyiAxl
On The Road,Keane,spotify:track:3qDWpSsDoH3p4IjsvEAzZ5
The Starting Line,Keane,spotify:track:1pORPeWfz3eBDXl3pZaBK0
Black Rain,Keane,spotify:track:66J37LFFBddX322GR9Ceys
Neon River,Keane,spotify:track:3NwYXTARCTqIMcd0wV2J6C
Day Will Come,Keane,spotify:track:2plLYvR2ZBTOsvqAP9dd7e
In Your Own Time,Keane,spotify:track:7homezs888XESgm5O5UHiR
Sea Fog,Keane,spotify:track:6xi1FGuOvUd5WYEJknbkLY
Strangeland - Bonus Track,Keane,spotify:track:2Mer4HqbY00oZCuQQH98OU
Run With Me - Bonus Track,Keane,spotify:track:5AeI9PODyqrHKYb93oPDcR
The Boys - Bonus Track,Keane,spotify:track:5qo4k1qRoLPcFfbqOImuAw
It's Not True - Bonus Track,Keane,spotify:track:3pjPYZFXx2CrJcvCH4aSWD
You Are Young,Keane,spotify:track:6Gnks96Ein3A7S3g1fDlWf
Silenced By The Night,Keane,spotify:track:6ovxhuEp4zsnJLvNKnQiBL
Disconnected,Keane,spotify:track:0MXkooAaLh7EiNMqD0vhED
Watch How You Go,Keane,spotify:track:6eIFc2RKSJYK37Ospy6Nxh
Sovereign Light Café,Keane,spotify:track:0JWkDEiPE0Wmywa3Ws2rWw
On The Road,Keane,spotify:track:1sAju0j7q4L09ynwEFQQPn
The Starting Line,Keane,spotify:track:0OWpeReAF7tJojOrfUqKRQ
Black Rain,Keane,spotify:track:575QxYiBezic1YhcP7ztqT
Neon River,Keane,spotify:track:5sPfWZrV76iEYuP2PI9Z6k
Day Will Come,Keane,spotify:track:6rI1l9DmGmWz1f7Bgge9Rl
In Your Own Time,Keane,spotify:track:4L11TLjAVafBgNKdHZtXl2
Sea Fog,Keane,spotify:track:4fJvVRm7KlB0C6ZwHXMXmA
Strangeland - Bonus Track,Keane,spotify:track:1WEZTMbalh8N2UGTzJKyo5
Run With Me - Bonus Track,Keane,spotify:track:6qg7HucMqAbUilsVvSJzgE
The Boys - Bonus Track,Keane,spotify:track:7o4aH905FGnyUPPLTAfedP
It's Not True - Bonus Track,Keane,spotify:track:6tOHQpFjIsEvRKdezoOLhE
House Lights,Keane,spotify:track:5iS1JQcaMaMLBQOFg9DZy5
Back In Time,Keane,spotify:track:1EscaTXDiYdROK8WFMtfI6
Stop For A Minute,Keane,spotify:track:55YqwT8BH8alblsZ10zVIO
Clear Skies,Keane,spotify:track:2HhAj2eGwoHZKoR6J1XJ34
Ishin Denshin (You've Got To Help Yourself),Keane,spotify:track:4bx7INZQTSLjtWplLe0AyY
Your Love,Keane,spotify:track:6if7mbfiCOjfPsehDXls1I
Looking Back,Keane,spotify:track:0G7XfFgk1HRuoYyV38mduH
My Shadow,Keane,spotify:track:7f208BAaf1Hw1dCKBwZe8M
Night Train Track By Track Commentary,Keane,spotify:track:5DnBTZ51nyk7fke2IFznF7
House Lights,Keane,spotify:track:64EGF1SGkN6TZku0wZnvHM
Back In Time,Keane,spotify:track:2AP9mUNZZLwbBypJXZJqSu
Stop For A Minute,Keane,spotify:track:7gkZz87w5zHGHrhJfVTZsU
Clear Skies,Keane,spotify:track:6RvZgqYJ2PYjX6PN5Lfrf5
Ishin Denshin (You've Got To Help Yourself),Keane,spotify:track:5OYvmGEcKyKyecdDbOdzwv
Your Love,Keane,spotify:track:76wFZxDtzuaczMaTtE3MQN
Looking Back,Keane,spotify:track:2tuNXPDQU64pbTvOeOVyeB
My Shadow,Keane,spotify:track:3lqYFoDNLO9J24lQhRlDHk
Stop For A Minute - Kwes./[o=o]. Rework,Keane,spotify:track:2ln0zz0Xd342mXHbRrJbbh
House Lights,Keane,spotify:track:4faLQS2C2FKEhyHvWXjVsm
Back In Time,Keane,spotify:track:71IdL0zMfDhdqIz4dnPfnO
Stop For A Minute,Keane,spotify:track:0K0ucAVoeJzWRjZffD1IBs
Clear Skies,Keane,spotify:track:70YVODIX7yQDSQ8q8zuDKa
Ishin Denshin (You've Got To Help Yourself),Keane,spotify:track:5DKxku8AM9qq2QzzAzj49x
Your Love,Keane,spotify:track:5pUboRq1XwSFgWDfxu8mHu
Looking Back,Keane,spotify:track:6U4aBKxvCeXTjnTFH0qiPG
My Shadow,Keane,spotify:track:7COjfKA718doUR4LqhII2S
Stop For A Minute - Beatnick & K-Salaam Remix,Keane,spotify:track:0oX6SHXj57nq1V5LOLhP8p
House Lights,Keane,spotify:track:5UrkI78XPSr1FgiA5FlAr1
Back In Time,Keane,spotify:track:0wN7YFlPbUGbcxZPXWsX7K
Stop For A Minute,Keane,spotify:track:1CzyI9CsCUb0RtKgIrzxLn
Clear Skies,Keane,spotify:track:3XBlIxTgOofcCYDBYF60AF
Ishin Denshin (You've Got To Help Yourself),Keane,spotify:track:69bWk6H3r49DJG5brEvxRc
Your Love,Keane,spotify:track:4zzIlgOJlA1J6Hxs8fCHUB
Looking Back,Keane,spotify:track:4HnrCm34TxMWSPiMpXF6Kb
My Shadow,Keane,spotify:track:6iMouY4Up4C9ViPeLL28jR
Wail of the North,Insomnium,spotify:track:6ePcUetdbQFD9zqG3qqd5X
Valediction,Insomnium,spotify:track:5RcdzkO3l0X8nVPkMaazDl
Neverlast,Insomnium,spotify:track:4abf5VvUEfut7L6zB7WTsD
Pale Morning Star,Insomnium,spotify:track:4uVw7VSVDwcfviMW7cxse3
And Bells They Toll,Insomnium,spotify:track:23VJky1xxnazaDWMOA4ybJ
The Offering,Insomnium,spotify:track:65pTZemMr4ANnk4EpLmzJ4
Mute Is My Sorrow,Insomnium,spotify:track:3YUrNLlhpLwkAvsvzN4VDF
Twilight Trails,Insomnium,spotify:track:2yAQWoqQtoyNeBb5g6FE3n
Heart Like a Grave,Insomnium,spotify:track:0m8RhhXiCagyqOpu9gFI6h
Karelia,Insomnium,spotify:track:2Jk5i3JPmaf7lboPNKsgSx
The True Morning Star (Bonus track),Insomnium,spotify:track:1nlJoZlBWHsOORFX9nbNhw
Karelia 2049 (Bonus track),Insomnium,spotify:track:5eA6FVLg40MjEtGN16kaM0
"Winter's Gate, Pt. 1",Insomnium,spotify:track:4DdaBiCoNPZwQxBWHA4rPG
"Winter's Gate, Pt. 2",Insomnium,spotify:track:3Ivfmex71BM9J8wl3GaXH2
"Winter's Gate, Pt. 3",Insomnium,spotify:track:7Mi3ubP2QP8Lkf5UGgK7e9
