Field Day Jitters,Tripping Daisy,spotify:track:6PVQoN3v5goV15qdWFQBS5
Waited A Light Year,Tripping Daisy,spotify:track:0vbiYUOGNzAbtvHHUVffOK
Sonic Bloom,Tripping Daisy,spotify:track:3UXuF7jBzX1QoLwOxLTBiY
Bandaids Tm For Hire,Tripping Daisy,spotify:track:62NHvkjaWWdRPxfGYmcQD9
Mechanical Breakdown,Tripping Daisy,spotify:track:5re03AuXqPOL9nlxlyvhHF
Your Socks Have No Name,Tripping Daisy,spotify:track:79fLz4GLVezRojXtb3dauP
Geeareohdoubleyou,Tripping Daisy,spotify:track:6ba7ZQvLCzklDHdzHx570c
New Plains Medicine,Tripping Daisy,spotify:track:6EVjFbn7eHKp8Yrv0VL4RU
These Days,Joy Division,spotify:track:6iBPvsA8LkWrUMafiWJAPa
She Is Dancing,Brian Kelly,spotify:track:267GK2EE5KOz1q1vyJc7Yf
Tom Traubert's Blues (Four Sheets To The Wind In Copenhagen),Tom Waits,spotify:track:2xeqTExWRp21qxBZYuTuuF
A Small Plot Of Land,David Bowie,spotify:track:5qVK7yBEaahNO3DxUYVl6X
Summer In Siam,The Pogues,spotify:track:4w2eoOK0GrpQBCQLXtWpWM
The Last Song I'll Ever Sing,Gavin Friday,spotify:track:1HFHwhOtAo1CTJBMBoAly2
Hallelujah,John Cale,spotify:track:1OIg1rSlLKu5xD1x1bfVJo
When You Dance,The Turbans,spotify:track:4rXndJbjTYZ4ISX3pBGxfL
The Wadda-Do,The Turbans,spotify:track:4Xh7VMfu1QWBqRpeZ2EFaV
Congradulations,The Turbans,spotify:track:3VUHuyjv0HjGbqtUTlpslL
All She Wants to Do is Dance,The Turbans,spotify:track:4gYnDm58xSUCKy4qDbR5zT
Bye and Bye,The Turbans,spotify:track:6FPUDR4smO0xhGSOWBKkUL
B.I.N.G.O.,The Turbans,spotify:track:5OuMViOjsKbFXafy2MwzVf
Three Friends,The Turbans,spotify:track:75X2WgIbNBZL35jrY7N8K3
I'm Nobody's,The Turbans,spotify:track:5nCO9zjFbaVvRIR21sIdky
Sister Sookey,The Turbans,spotify:track:3zb9ZRL6JaN1n0PiBUs7DA
I Won't Be Your Fool Anymore,The Turbans,spotify:track:2cZL9C7b6nva1euK3mhOR7
All of My Love,The Turbans,spotify:track:4zIvXuPSvXpagCzY9mGBUd
It Was a Night Like This,The Turbans,spotify:track:0rWKQVernrLLKAhiiGu8s2
I'll Always Watch Over You,The Turbans,spotify:track:5WUaP9XOAoGU7nSVObTXg3
Bad Man,The Turbans,spotify:track:2t59WQMLc2BrXto2l4fIDH
Valley of Love,The Turbans,spotify:track:6ES5XEddQrqQTaYex3nMuf
Bye and Bye - Outtake,The Turbans,spotify:track:3CiYmjRJNnmuCuuqBuYpIO
Let Me Show You Around My Heart,The Turbans,spotify:track:799yBOIqrSAycPh8xQZx1G
Diamonds and Pearls,The Turbans,spotify:track:6nzLnYwyyoQhN3ONCsQ4Ul
Silence Is Golden,The Tremeloes,spotify:track:0tY6WuVkmCth6YHl8xKrew
Good Day Sunshine,The Tremeloes,spotify:track:1Y1MkYsJq5f0nvBOA2lgWV
Here Comes My Baby,The Tremeloes,spotify:track:2QyzHJJ9KQE94LHAbLZTET
As You Are,The Tremeloes,spotify:track:0iVjXtgYg9KmeMGSW3Hklg
Be Mine,The Tremeloes,spotify:track:2FB5LXU9pdRlQY8wAzFfWY
I Miss My Baby,The Tremeloes,spotify:track:6QBxUi0KsyFxfkI1lRsWEn
When I'm With Her,The Tremeloes,spotify:track:6BibG9XOtQkidRBYuICi95
Suddenly You Love Me,The Tremeloes,spotify:track:2CeJXXsCpUa21kvNYcSDst
I'm With You All the Way,The Tremeloes,spotify:track:5XjHdVxktBcB5ezCKXZNmG
Do I Love You,The Tremeloes,spotify:track:5VFg89vS4ZuE3TvksT9NP8
Girl From Nowhere,The Tremeloes,spotify:track:2FWS32EUMIxneZ4BpsBnFS
Once on a Sunday Morning,The Tremeloes,spotify:track:5QRm56qpPvuTdRZDfRYWjm
All the World to Me,The Tremeloes,spotify:track:1LmDD3J0bQprHi5uEvKMjW
If You Ever,The Tremeloes,spotify:track:41Mdq2zdw5D23gx1O8hp6C
I'm Gonna Try,The Tremeloes,spotify:track:0vcxQHsRQawyiTyATRtHkx
By the Way,The Tremeloes,spotify:track:11zue681JU8NCN6vMGNks3
Me And My Life,The Tremeloes,spotify:track:4umSMrPkRegY1RXag4w8lL
Even the Bad Times Are Good,The Tremeloes,spotify:track:5cMXFYB2us1rzNql6amZkm
(Call Me) Number One,The Tremeloes,spotify:track:0y5YwhznuBPky7ROW6rTwH
My Little Lady,The Tremeloes,spotify:track:4fOybAEWTmc3lK02WI39jW
Jimmy the Exploder,The White Stripes,spotify:track:7l2Bzv1tsu3YExr3LURxGw
Stop Breaking Down,The White Stripes,spotify:track:6zvw776xCze7WWqY56hkdR
The Big Three Killed My Baby,The White Stripes,spotify:track:52nlau779D1Yez3htAQStg
Suzy Lee,The White Stripes,spotify:track:4B3lNpNgPqJ96B2UuWNaRE
Sugar Never Tasted so Good,The White Stripes,spotify:track:6yzEUTozZ6YsXy6cpefqg9
Wasting My Time,The White Stripes,spotify:track:6FBcPQNOFl8AhlKh3Q1SZ0
Cannon,The White Stripes,spotify:track:5OTM34slmFbL8cRi2W9WUj
Astro,The White Stripes,spotify:track:0yvPR56li465iuFzGzZhlS
Broken Bricks,The White Stripes,spotify:track:4L0I4ogNR2YnOp19Kx6cxG
When I Hear My Name,The White Stripes,spotify:track:3B0S4XmiadPPR7b9vbv5ey
Do,The White Stripes,spotify:track:3B7jDRuPNI1VnkvCjC4s6r
Screwdriver,The White Stripes,spotify:track:0eDZk3A2CW8dGeGkYFajoX
One More Cup of Coffee,The White Stripes,spotify:track:2LqYMHzH9Je6oB8RIRzfGx
Little People,The White Stripes,spotify:track:07iOvw9omCOJUs4pntyNY1
Slicker Drips,The White Stripes,spotify:track:5vP40XK8zauGwlSKgBWLxV
St. James Infirmary Blues - Traditional,The White Stripes,spotify:track:6OsqRJQKRlUzufkZJ07cpv
I Fought Piranhas,The White Stripes,spotify:track:0E80DphrZL3GWYozIIofX6
Jimmy The Exploder,The White Stripes,spotify:track:6mSGgR9y4ltd809eZjuSw5
Stop Breaking Down,The White Stripes,spotify:track:74e0rM1LTHPOGVEuzlzy2G
The Big Three Killed My Baby,The White Stripes,spotify:track:6VQvE0OIWGqDeQJ5wJO4ZC
Suzy Lee,The White Stripes,spotify:track:2iAlz2kgrWUBCcQJSb3c8U
Sugar Never Tasted So Good,The White Stripes,spotify:track:4ZtZDQS5dlSS3LJyXLRP2v
Wasting My Time,The White Stripes,spotify:track:3Xj0FxstUerHtFixvb9T8c
Cannon,The White Stripes,spotify:track:1tZ4vs6PUsWvoaJcfPq2Yu
Astro,The White Stripes,spotify:track:0RV162B2VcpBREw04VfkLa
Broken Bricks,The White Stripes,spotify:track:5iAZIoZRKqcQbFhdkKgzeL
When I Hear My Name,The White Stripes,spotify:track:6wfLEvrXx2hsoW1LR4rkrJ
Do,The White Stripes,spotify:track:36l6rhxxsskLaw3y2zyi5Q
Screwdriver,The White Stripes,spotify:track:5UBmnUpHy5ogvljdG4NpcR
One More Cup Of Coffee,The White Stripes,spotify:track:1uYa5z0VZ1b2ewAmnZ5OTp
Little People,The White Stripes,spotify:track:78zS7a0uxFpj8ZInlmjyGo
Slicker Drips,The White Stripes,spotify:track:0gLO9DVTcazjDDnX2KfQlA
St. James Infirmary Blues,The White Stripes,spotify:track:5jYEWVjsuKy3HcsRuKvEmF
I Fought Piranhas,The White Stripes,spotify:track:2VywaLNS5pFvfajGgHjcPH
Jimmy the Exploder,The White Stripes,spotify:track:4d8mF71E3J3ZZF31J5i2fQ
Stop Breaking Down,The White Stripes,spotify:track:0pkUx3e99uCddgHwovwZgl
The Big Three Killed My Baby,The White Stripes,spotify:track:56dUmN7ksKitfQY59JusYl
Suzy Lee,The White Stripes,spotify:track:5YgZlaUyRXbChA9tjQFhho
Sugar Never Tasted So Good,The White Stripes,spotify:track:1rEIso8feMhKVp9eLsOKyJ
Wasting My Time,The White Stripes,spotify:track:2aj8xZHc6NLClv0EA4Aq6Z
Cannon,The White Stripes,spotify:track:7fXsGZ9TMKqjmPDonUROym
Astro,The White Stripes,spotify:track:0VGxwNMIcknhFdA9e3xJHe
Broken Bricks,The White Stripes,spotify:track:6eqRm12PZhjE4X1IWxKcI8
When I Hear My Name,The White Stripes,spotify:track:20QfKGmz324RRercbae7Cb
Do,The White Stripes,spotify:track:1gzU0F9xLNEUk90Viw7H7W
Screwdriver,The White Stripes,spotify:track:6k8OQPb0UcWlIdIqlf8s53
One More Cup of Coffee,The White Stripes,spotify:track:2tofQN17Iq0K0QzAgtpX7b
Little People,The White Stripes,spotify:track:1XODZKX8oB8I3PgPA63S8z
Slicker Drips,The White Stripes,spotify:track:39MbFMXoqdiuuoo1L8LZW2
St. James Infirmary Blues,The White Stripes,spotify:track:1Q0bmsZhXCstFjnQD2A0Gs
I Fought Piranhas,The White Stripes,spotify:track:7xsmgP9QaBolSfczk27Oh0
Shout,Lulu And The Luvvers,spotify:track:22kiBpzScxWVoDDQ69Oj9F
Here Comes The Night,Lulu,spotify:track:6Y9AaRprLrXxyjYLXEO3s5
Just One Look,Lulu And The Luvvers,spotify:track:53zIdz4MUTzuBmWlQ7qGQn
Call Me,Lulu,spotify:track:2bVUJFqpYTtXh23c5W2LNq
Heatwave,Lulu,spotify:track:4zrhpwWE6VN7QkxO2LlajQ
Tossin' And Turnin',Lulu,spotify:track:0m2dYycrL8ZHHlfdqRQvad
She Will Break Your Heart,Lulu,spotify:track:36oWLpTvY2x07pMfMFlOn4
Stubborn Kind Of Fellow,Lulu,spotify:track:1uQHzsPAojRi6bM5GjbcO9
Can't Hear You No More,Lulu,spotify:track:2ULIGKdeHlVCT1MLW68Z1Y
That's Really Some Good,Lulu,spotify:track:49EGfSOSiELnDp6GZFnh5c
Can I Get A Witness,Lulu,spotify:track:5bYcGfiu1tahStXoH8Bzwh
Night Time Is The Right Time,Lulu,spotify:track:5o51hDP6cPdPqtyCdlbrWc
The Trouble With Boys,Lulu,spotify:track:198pWyZDYjDQJdtZA9Mw8O
What's Easy For Two Is So Hard For One,Lulu,spotify:track:6eQHjdHkO67ilCzdqT4cSb
When He Touches Me,Lulu,spotify:track:6ouC0ZRvLsyLHWxMz6ZNU8
He's Sure The Boy I Love,Lulu,spotify:track:5inTElq6CnTNMUESF17Muj
Try To Understand,Lulu,spotify:track:60FuQsKTCI6YCbUTUevpzh
Leave A Little Love,Lulu,spotify:track:0ulxUMdaojIJGYv4SGPaC4
I Love Her Still,The Poets,spotify:track:7KuduSSZevOzUnWkZMwmg0
Gonna Get Me Someone,The Game,spotify:track:1inRKHMksClGVDKFRB64Fy
Each & Everyday,Thee,spotify:track:0LmRrpEq3WvzFSrLDbUFBK
(Walking Thru The) Sleepy City,The Mighty Avengers,spotify:track:2M49GghjjYGml62dRR3iN3
It's Gonna Happen Soon,Shel Naylor,spotify:track:0Ajz6ggIZAP8Byu2VRk9Y3
I'll Cry Instead,Joe Cocker,spotify:track:6d9TtkT1nTXAS8lfMWcVHp
Third Time Lucky,Beat Boys,spotify:track:5K7XRwYtLTFN5wU6VGqTDv
Hurt Me If You Will,The Mark Four,spotify:track:1rl9MiAJmOdjdCBfaKEvPO
Really Gonna Shake,Sandra Barry,spotify:track:5FLvc6Wft8VfKky7Qg9rP2
Surprise Surprise,Lulu And The Luvvers,spotify:track:2Q1ScJJ7dlYxbn1iLHxzSH
Everything's Alright,The Mojos,spotify:track:3CVFY4r8P8Rq321QQPeCbd
Now I Know,The Beat Chics,spotify:track:3RhEvysf2qm7ncgG04frir
I'm Gonna Knock On Your Door,Pete Best,spotify:track:1vrL8SlMqUabzJdFbbllIo
Don't Make Me Blue,The Warriors,spotify:track:22mobGb3AS7gvH9TQK9ON5
That's What I Want,The Marauders,spotify:track:1thGaHsasGat3AAB65MEat
Once In A While,Brooks,spotify:track:4CBbL4aDkGclhEFbTO6BXb
Lost My Girl,Rick & Sandy,spotify:track:0ApJoQxidBK02RYA22vLaT
I Was Only Playing Games,Unit 42,spotify:track:6gFZUzHzCd2bPFk4811ZXd
Did You Want To Run Away,Tiernyes Fugitives,spotify:track:3VTjrep2h2v7Wz3HP1725Z
One By One,The Mockingbirds,spotify:track:4aIsW73XqCXf7iBgtxakvN
Itty Bitty Pieces,The Rockin' Berries,spotify:track:4tZm5HIgbkeZxHS5qu59H8
Who'll Be The Next In Line,The Knack,spotify:track:2LHJkyvjBD60fa9ewah7YW
Keep On Dancing,Brian Poole & The Tremeloes,spotify:track:7JDy6mmHBHYRt5dyVhODI0
Heart Of Stone,The High Numbers,spotify:track:5dX0eNs1oIbTtrZSbDRwJd
Da Doo Ron Ron,Andrew Oldham Orchestra & Chorus,spotify:track:0DkiWMqSRxe22QXeETlLqC
You Touch Me Baby,Lulu,spotify:track:2efiLT7CzOQojN8pzo8cG0
You'll Never Leave Her,Lulu,spotify:track:4UzIWGKaBao016GW5FA6CV
I'll Come Running Over,Lulu,spotify:track:5SppsGChbpJM0m8rS8m9k9
Not In This Whole World,Lulu,spotify:track:5BXvQPzX3QWc5lZNvXpTRW
She Will Break Your Heart,Lulu,spotify:track:04HAoUlZYZOYYwPjdhylF7
Don't Make Me Blue,The Warriors,spotify:track:22mobGb3AS7gvH9TQK9ON5
That's What I Want,The Marauders,spotify:track:1thGaHsasGat3AAB65MEat
Once In A While,Brooks,spotify:track:4CBbL4aDkGclhEFbTO6BXb
Lost My Girl,Rick & Sandy,spotify:track:0ApJoQxidBK02RYA22vLaT
I Was Only Playing Games,Unit 42,spotify:track:6gFZUzHzCd2bPFk4811ZXd
Did You Want To Run Away,Tiernyes Fugitives,spotify:track:3VTjrep2h2v7Wz3HP1725Z
One By One,The Mockingbirds,spotify:track:4aIsW73XqCXf7iBgtxakvN
Itty Bitty Pieces,The Rockin' Berries,spotify:track:4tZm5HIgbkeZxHS5qu59H8
Who'll Be The Next In Line,The Knack,spotify:track:2LHJkyvjBD60fa9ewah7YW
Keep On Dancing,Brian Poole & The Tremeloes,spotify:track:7JDy6mmHBHYRt5dyVhODI0
Heart Of Stone,The High Numbers,spotify:track:5dX0eNs1oIbTtrZSbDRwJd
Da Doo Ron Ron,Andrew Oldham Orchestra & Chorus,spotify:track:0DkiWMqSRxe22QXeETlLqC
You Touch Me Baby,Lulu,spotify:track:2efiLT7CzOQojN8pzo8cG0
You'll Never Leave Her,Lulu,spotify:track:4UzIWGKaBao016GW5FA6CV
I'll Come Running Over,Lulu,spotify:track:5SppsGChbpJM0m8rS8m9k9
Not In This Whole World,Lulu,spotify:track:5BXvQPzX3QWc5lZNvXpTRW
She Will Break Your Heart,Lulu,spotify:track:04HAoUlZYZOYYwPjdhylF7
Can I Get A Witness,Lulu,spotify:track:4rfZcIQXbMFbsqamGh8TXe
Tell Me Like It Is,Lulu,spotify:track:2x8y3AMerc8XyVrRytnXof
Shout,Lulu And The Luvvers,spotify:track:0fRtV3nteuYNhpYrOEWKaD
Try To Understand,Lulu,spotify:track:0tPzZlNrfAGODKzRd2w0tQ
Night Time Is The Right Time,Lulu,spotify:track:5qbrY2Dz8k9ObwBvhMJKT7
"Choc Ice - From The Film ""Gonks Go Beat""",Lulu And The Luvvers,spotify:track:3LTTsxl96ijun9IcLOtyUh
So In Love,Lulu,spotify:track:2NVaxkv3VlCqrPu7fgvzcW
The Only One,Lulu And The Luvvers,spotify:track:2wwTvAyrjhgU5sXfl3pTGW
Dream Lover,Lulu,spotify:track:49Uo15bE07H0AHEqbdUE0N
He's Sure The Boy I Love,Lulu,spotify:track:1UrtLoZ8Uprmx4sP47d978
Leave A Little Love,Lulu,spotify:track:0fNspjjebZ6OjeFGH5cFMw
Surprise Surprise,Lulu,spotify:track:2NzezsCo9OtNhl3SEbMAeQ
Satisfied,Lulu And The Luvvers,spotify:track:4aAqN4Xzxd7UqG9KpTeVVI
Call Me,Lulu,spotify:track:2BoNktzA3iChIctny40Oev
Here Comes The Night,Lulu,spotify:track:3sUDbIYhlaL67qg7u4wb8p
Gamelal / Subondare,Chris & Cosey,spotify:track:6KXRJzfVnf3eVLANaMv90z
Fire Trance/Dr. John,Chris & Cosey,spotify:track:6OAqvznY7CavKD5BWYmS9q
Invision,Chris & Cosey,spotify:track:26xEA4zi7HNwPtR9wY3TO2
Spectrophelia,Chris & Cosey,spotify:track:3nV7hITE4JpH8elFa3sXua
Driving Blind,Chris & Cosey,spotify:track:6FqK5PBS8PmuELZ9yKBK3c
Vivid,Chris & Cosey,spotify:track:5QJJBUf3p5QA6TARc5KK0q
Exotika,Chris & Cosey,spotify:track:2Bri0JCDtddQ3bRiKInpGn
Deep Velvet,Chris & Cosey,spotify:track:4NcISwIyHChAWVFpDD14MC
Dancing On Your Grave,Chris & Cosey,spotify:track:5Q3cGPPFtEsxc7fnKnZHL0
Alliz,Chris & Cosey,spotify:track:1mYwlXm0aW68QA0ZRzZeSG
Pausal,Chris & Cosey,spotify:track:4cbxm5c7d0Xt98ZH4b50Mj
Hipspa,Chris & Cosey,spotify:track:082nY2w5C6GmUerzhLuJ5b
Restless,Chris & Cosey,spotify:track:5ymX9QDg7onMus7afkLJlp
Repose,Chris & Cosey,spotify:track:0sgHF4zvdbw49bGojuPfXq
Daspooki,Chris & Cosey,spotify:track:2lhhiJTR8yfLlCY0eFZGmv
Reflux,Chris & Cosey,spotify:track:20vlDfFe9P8TTuYcGMCVvA
Azimuth,Chris & Cosey,spotify:track:45xvabK4D2tbUVYizJDgl7
Cell(f),Chris & Cosey,spotify:track:1VEIbbMoqIdDf5Xvn4M6BP
Tachycardia,Chris & Cosey,spotify:track:0W2kXxJg6tYw0XL2CpngiC
Real Time,Chris & Cosey,spotify:track:3U4tMrG3Tc67JTrx72iqga
Vivid,Chris & Cosey,spotify:track:2W1OP57h0ejAYsvIitJTp4
Intoxicating,Chris & Cosey,spotify:track:5XbMnnHXKbrHM5KtemATiW
One Minute More,Chris & Cosey,spotify:track:1GRliPa7D2zIxxvikxNkEw
Endless Rain,Chris & Cosey,spotify:track:1T0XL2dMrv8Ac5ANjwjv4U
Hybrid 'C',Chris & Cosey,spotify:track:0M0sM2W3iHTImP2KEztgSJ
Skimble Skamble,Chris & Cosey,spotify:track:4BR5jJ7ziTh4LQnhlUzoo8
Subondare,Chris & Cosey,spotify:track:6ytnNSjF9Ku4tdLY6j1CJB
Gamelal,Chris & Cosey,spotify:track:4pDr9nnB5kr5cPeBAgAXbK
Invizion,Chris & Cosey,spotify:track:6s7oHRdcRemLXpzMJQIi1d
Audio Lava,Chris & Cosey,spotify:track:5jEwccYBxW6AJbAR2tfOOl
Teche,Chris & Cosey,spotify:track:36nScwR3olyVWhMXv8DoFV
Spectrophilia,Chris & Cosey,spotify:track:2NLSdhxye1DDtGIIQHWufd
Credit Sequence (mu-Ziq Mix),Chris & Cosey,spotify:track:3aoIeESXudaArHjwwG3TVK
Fantastique (Carl Craig Mix),Chris & Cosey,spotify:track:2fUPdHd6RPQj1vrHOdtWVW
Re:Rise (Re:Search Mix),Chris & Cosey,spotify:track:3dE8jKGtVozlLeEz0fSuum
Telepathic Exotika (Fred Giannelli Mix),Chris & Cosey,spotify:track:2L7cJJHCSaKT0c1PVGl8DV
Voodoo (Tusken Raiders Mix),Chris & Cosey,spotify:track:4TEgmlqKnXuI7aUxo3ksQI
Driving Blind (Vapourspace Moist Sexy Mix),Chris & Cosey,spotify:track:25I4nq9YkTiAQaRgrygTZY
Gates Of Ancient Cities (Cosmic Connection Dischordian Mix),Chris & Cosey,spotify:track:4CHYagUXFKmw0314TnTxpV
Cowboys In Bangkok (Coil vs Elph Mix),Chris & Cosey,spotify:track:6qUpb7H4lPOM56GcDBXDA1
Walking Through Heaven (C&C Twist Mix),Chris & Cosey,spotify:track:5dmUb3Eru4OfPuRnhft2f0
Syndromedia,Chris & Cosey,spotify:track:4jAcfYKIzsVWmclgT24XM4
Flames of Beltane,Chris & Cosey,spotify:track:4GeKV9H3BapSaAbpAFXDUG
Devash,Chris & Cosey,spotify:track:2C9cmPqcx6o50cqrzXqnmg
Sysdome,Chris & Cosey,spotify:track:2jcOwuaZVuBakow2qdETXk
Chronomanic,Chris & Cosey,spotify:track:0KGyU7NY5pffKGmi3gFjNO
Eve of Samaine,Chris & Cosey,spotify:track:77NtPdxbywXl7UbEdymIuN
The Kissing Bowl,Chris & Cosey,spotify:track:4T1otK0MmokzOcl9gJlwMe
Astrony,Chris & Cosey,spotify:track:6AXqLlcii9UZmhZfLxCI3W
Fire Trance,Chris & Cosey,spotify:track:5MUlkXJcvAFhejqstigx9f
Invision,Chris & Cosey,spotify:track:6mYbaO1WCnLI4B6CeWXkJj
The End Moment,Chris & Cosey,spotify:track:5je9svEb0rNjAsA6RpHGot
Soul of Souls,Chris & Cosey,spotify:track:46gBs0gA9KIW4nh5nCEL4k
Bridge of Sighs,Chris & Cosey,spotify:track:6UTTobh7R4Z0v9Uyvow42C
No Mans Land,Chris & Cosey,spotify:track:6p0QfaZYCVrl1nKN7DUm1l
Nothing Exists,Chris & Cosey,spotify:track:63F1ABcRnpyiHE0Nf3WXyl
Inner Faint Light,Chris & Cosey,spotify:track:4hNwwMw4s2yuQMv0BEoT1J
Fantastique,Chris & Cosey,spotify:track:6K2Dr60UmBY0vqJWIHgHWv
Sound of Sound,Chris & Cosey,spotify:track:37uURxyWob6L655vN5LGlZ
Masqued,Chris & Cosey,spotify:track:316V9nzl0ccq3ANDjY8L7r
Apocalypso,Chris & Cosey,spotify:track:5oSOVpdROUjt4dIvgzjhVo
Afrakira,Chris & Cosey,spotify:track:4xF9AMHHjFiYpDNvOMlU2i
Hidden Man,Chris & Cosey,spotify:track:7uppGQC8yFts3xxZupbUn9
Visions Love,Chris & Cosey,spotify:track:7DMPyUK3hS8rx6B4sI9xSh
Loves Lost Immortal,Chris & Cosey,spotify:track:2yjLNyeF4oNXovcP3aVAKT
Eternal,Chris & Cosey,spotify:track:3sgborJA2dG7KMf70A0RVK
Neverneverland,Chris & Cosey,spotify:track:1PCe3cCDim37OS19R453vt
Melancholia,Chris & Cosey,spotify:track:4wePaKKyHwkiswubkJD9kp
In Ecstasy,Chris & Cosey,spotify:track:37XnBatYfbzeecwdDO9i1S
Synaesthesia,Chris & Cosey,spotify:track:2eJK7emQh1QLFsRLWOJcUg
I Belong to Me,Chris & Cosey,spotify:track:5RcTCwbmIFQYKb8ZmxWwh5
Take Control,Chris & Cosey,spotify:track:1I1q4lXVcIe9qPmwM6DLNr
Face to Face,Chris & Cosey,spotify:track:1O9QhClaOfWZC7ybhgmeer
Feel to Me,Chris & Cosey,spotify:track:3bfUpWt17J9gsjuc3AjcKS
Go-Go Latino,Chris & Cosey,spotify:track:11rbHHI5MH63E2Mrm6LVMu
Sin,Chris & Cosey,spotify:track:7vRphtJiOXzMPrzpqQxnXv
Pagan Tango,Chris & Cosey,spotify:track:7c0wLnbFcIvDbvFxJeaEYb
Cords of Love,Chris & Cosey,spotify:track:6Xvo7l5oEchq5bUOTvOg4A
Balfigore (Before the Feast),Chris & Cosey,spotify:track:2yv2ak3JMjLbarxObNXI3B
Sacred Silence,Chris & Cosey,spotify:track:26m71ELTtpRoaFCkX9UXh4
Allotropy - 1st Movement,Chris & Cosey,spotify:track:5xUFxHZQBW9rKeuMsJrkHU
Allotropy - 2nd Movement,Chris & Cosey,spotify:track:2Pt1A9m5Qcze260yWwvC9L
Allotropy - 3rd Movement,Chris & Cosey,spotify:track:6ttiJWB8M73UfII29TacPM
Allotropy - 4th Movement,Chris & Cosey,spotify:track:3rG3xRTlHJ4RyiqSWLLICa
Allotropy - 5th Movement,Chris & Cosey,spotify:track:0DzHXl32LML9ZoPxH9wZfk
New Gold Dream - 81-82-83-84,Utah Saints,spotify:track:6qp3NU14VxoOuqAGHmP1nF
What Can You Do for Me,Utah Saints,spotify:track:5G760aZ3umyQclyaU3mxd5
Soulution,Utah Saints,spotify:track:3QF9Fpqswa34bZKNlZ9od5
"Believe In Me - 12"" Mix",Utah Saints,spotify:track:4BMTU8Ce4xaG1DqQEoy1k0
Too Much To Swallow - Part I,Utah Saints,spotify:track:6ivgJJCIReOoFlM3Jx5YNG
Something Good,Utah Saints,spotify:track:22AvpWbOtNTiem8jKDk8QO
I Want You,Utah Saints,spotify:track:3OPxXA7GyXEqIJ382PlVCi
States of Mind,Utah Saints,spotify:track:4F3r4maXRu74r2Up9CufNr
Trance Atlantic Glide,Utah Saints,spotify:track:6bv6anEkIkXyoZHUccv69e
Kinetic Synthetic,Utah Saints,spotify:track:2ZQAmowNo9bVqgZss6n9tH
What Can You Do for Me - 1926 Melodic Mix,Utah Saints,spotify:track:5dHF3Y3VcInLfzJwF2JmkV
My Mind Must Be Free,Utah Saints,spotify:track:5n6UokGVwxEZOSNBIfviXV
Born To Be Wild - Single Version,Steppenwolf,spotify:track:5lSs5tlMNuTBt4g2fwXSCM
Magic Carpet Ride,Steppenwolf,spotify:track:4LgMbXC9MhbLzR0x29MWeL
It's Never Too Late,Steppenwolf,spotify:track:511ChKUm92LuJnsCaj6G3w
Rock Me,Steppenwolf,spotify:track:5Eg2ruMUtdwmvISzZJ5V3K
Snowblind Friend,Steppenwolf,spotify:track:5NqyGlgInuVnP4gNzTrRdY
Hey Lawdy Mama - Single Version,Steppenwolf,spotify:track:7GbWGAn17kL1kugmEQ4HLz
Ride With Me,Steppenwolf,spotify:track:2Tlei5ShPY9tGRrRQ0OMHK
Move Over - Single Version,Steppenwolf,spotify:track:0t4txpqug4RIsqsGDfpnCD
Who Needs Ya - Single Version,Steppenwolf,spotify:track:63SbyX4GFt2MAVNWP1HCNy
The Pusher,Steppenwolf,spotify:track:5YQJCy61kLRpNsBjki99MM
Don't Cry,Steppenwolf,spotify:track:2CygQneLeZJ0xXcQCWCmNu
Chicken Wolf,Steppenwolf,spotify:track:5VbMhXf1UZw82V7Ad2sqIA
Lovely Meter,Steppenwolf,spotify:track:3qxEJcD3yslMQdFsqQCHJ2
Round And Down,Steppenwolf,spotify:track:4yR3Wtltb7550WV5OHDIMK
It's Never Too Late,Steppenwolf,spotify:track:54RmVI3i4V9WlMsvciMB4s
Sleeping Dreaming,Steppenwolf,spotify:track:6HYsiCY122qiMetx9W31Kq
Jupiter's Child,Steppenwolf,spotify:track:7Fh79kzkNMPqlPqZEEOZso
She'll Be Better,Steppenwolf,spotify:track:5ich5tKbmhU908iyf79rdT
Cat Killer,Steppenwolf,spotify:track:0SpnzNmwZiIg6URyxOXp0f
Rock Me,Steppenwolf,spotify:track:4MhaifZyR0ojpjv80l54qQ
God Fearing Man,Steppenwolf,spotify:track:14FL6MdOTnq1iTpvtYQ4xt
Mango Juice,Steppenwolf,spotify:track:5V34KfsCAERoNwng9YmnUN
Happy Birthday,Steppenwolf,spotify:track:3mAfVcNoykSlxEEdnMmc0o
Born To Be Wild,Steppenwolf,spotify:track:2VPGmrcBw5X4yAu3B8UZNE
Magic Carpet Ride,Steppenwolf,spotify:track:5BCLaZBo0vB6FlAWMcq2Aq
"Don't Step On The Grass, Sam",Steppenwolf,spotify:track:6hG3YGSUuSkh9AGdMRZGRo
"Sookie, Sookie",Steppenwolf,spotify:track:3CJIYLLG8j9wsoKmUfeQPH
Rock Me,Steppenwolf,spotify:track:7uUvORqHk2kNGEdMrgyVcB
The Pusher,Steppenwolf,spotify:track:7IyoJ37bu3GKz9SdOPogdX
Your Wall's Too High,Steppenwolf,spotify:track:43avZ7rZTESAmLaeQ48wQN
Jupiter's Child,Steppenwolf,spotify:track:2BmslZ279nzIOOioPUqy9e
Desperation,Steppenwolf,spotify:track:6U4Jr148iJFavkhEAIgy6Z
Everybody's Next One,Steppenwolf,spotify:track:175VHXagO2QSkpzRZt3UYR
Snowblind Friend,Steppenwolf,spotify:track:1SxrUOBVmPhXfcAyZA0rHa
Move Over,Steppenwolf,spotify:track:7GuD9uaRPiFuMgi2FqRgUC
For Ladies Only,Steppenwolf,spotify:track:7midgNvQPBDf5XX6MWMy6H
Ride With Me,Steppenwolf,spotify:track:7xbkuDVNMxNvd0pXL7Lrx9
Hey Lawdy Mama,Steppenwolf,spotify:track:204fkN9x2TwhbgNokWr1iu
Monster,Steppenwolf,spotify:track:3iw8gIi3eQxj6DJVJyUppa
Screaming Night Hog,Steppenwolf,spotify:track:6ZlEmGeHrKHy5JmOmtSHQC
It's Never Too Late,Steppenwolf,spotify:track:1q0iiQ9uZtsDcHSxCYSnFN
B-91 Radio Insert,The Looney Tunes,spotify:track:7EXKtSmpUcLqaYDBe642vN
Just As Long As I Got You - Original,The Looney Tunes,spotify:track:4PtYXSdqWGbkBxQWShpPvG
"Hold Me, Squeeze Me",The Looney Tunes,spotify:track:0pd75EUVTfGLHhnvwJcrvH
Bounce Your Body,The Looney Tunes,spotify:track:2DKKLOlnUfS80OqT5Ggce9
"Another Place, Another Time - Remix",The Looney Tunes,spotify:track:4ceYDRkNSKL1HhNIclU3Cc
It's You,The Looney Tunes,spotify:track:1MAtaOSmbSZh7ubSW0T7s5
Watchtower,The Looney Tunes,spotify:track:0boJIOQJRwEVFdfCJEHn5a
Inject The Beat,The Looney Tunes,spotify:track:3C2MvJZEx9NP66V9Rmw5u4
Last Train To Paradise,The Looney Tunes,spotify:track:3FsQYXBDlENPu6oFn0DsGV
"Is Rhythm, Rhythm?",The Looney Tunes,spotify:track:4npamKZ8yUYCtQtbK0fTaB
You Are The One,The Looney Tunes,spotify:track:4TnpXIYpEqBwWPfYuti5aT
"Another Place, Another Time - Original",The Looney Tunes,spotify:track:5txqXvyvyuWdrLUwg9sFH0
Murder,The Looney Tunes,spotify:track:25EtftsFgL2llUji2aDHTf
Nobody Webboe,The Looney Tunes,spotify:track:1TV6pDFnQqcFf27Nz717rJ
They Stole Our Break!,The Looney Tunes,spotify:track:2xTWaoSLdzO0yRSXMVFeVi
Halfway To Seven,The Looney Tunes,spotify:track:5i7vkXcPyI1p5nXsSGvUQz
"Finale, That's All Folks",The Looney Tunes,spotify:track:7zsIBhJdsLJ51nuulOII3t
Desert Bound,The Looney Tunes,spotify:track:7hBdZ0Cx9lo7IdX2EkDCtm
Surf Beat,The Looney Tunes,spotify:track:0UUG4Jqb3W4ltYRE5noaYM
The Cruel Sea,The Looney Tunes,spotify:track:5b1GBl5CNZ942Gkf7ZXyqI
Banzai Washout,The Looney Tunes,spotify:track:2zBb5cvI2jFjoyr03R7boV
The Ambulance,The Looney Tunes,spotify:track:3yce1ZARrXHVFz9L4zQ0c4
Big Pow Wow,The Looney Tunes,spotify:track:7wuxoqNQFvOos4gA2v6dls
Swanlake,The Looney Tunes,spotify:track:1YwiZNkh5JCHZp7VitH8Fo
Ghost Train,The Looney Tunes,spotify:track:7xvQoAvYNRWso2xTFsSvBD
Commanche,The Looney Tunes,spotify:track:25XWrHKEVeXZnSMGKiJltv
Rumble at Waikiki,The Looney Tunes,spotify:track:3wp2ABU6yGrTGOPktx1U5d
Wayward Nile,The Looney Tunes,spotify:track:3m13iuCp5oPp0o7xlWJE6w
Walk Don't Run,The Looney Tunes,spotify:track:7l2aHxCxydVX20bQ8lAZ1i
Lonely Tubes,The Looney Tunes,spotify:track:1wnbfktT7vnZikOSsFVn73
Skateland,The Looney Tunes,spotify:track:3QdSqxW9JjrPw3BmEYPoYf
Miserlou,The Looney Tunes,spotify:track:5Yn8uUcvVVe9SrB5ovaNAO
The Little Old Lady from Paddington,The Looney Tunes,spotify:track:4gIlpzynAsvRHFUaPalgYF
Vehicle - Live,The Buckinghams,spotify:track:4OWNyKTxQyS0OrNiJQPrwc
All Join Hands - Live,The Buckinghams,spotify:track:4KqlxSxB0LfMsp2uFv8UoG
Rebel Girl - Live,The Buckinghams,spotify:track:7zkIiUWzVsr0WVexyEqdet
No Turning Back - Original,The Buckinghams,spotify:track:4O2XEb1AIzbohHxkJPkb6g
I Knew You When - Original,The Buckinghams,spotify:track:6RbJqJ5wrGW8GZWhfMyxvk
I Think About You - Original,The Buckinghams,spotify:track:09N5iw5fiSDAwIO7tC5upt
Say It Ain't Love - Original,The Buckinghams,spotify:track:6hrM4GV77ee7rNwdCAIQtB
Terra Firma - Original,The Buckinghams,spotify:track:0rQLs5xccp2O03OdW5jwEm
99.9 - Original,The Buckinghams,spotify:track:07GpPvSElCzsd829uAVDyf
Kind Of A Drag (A Capella) - A Capella,The Buckinghams,spotify:track:3jKsgoIXAJ4dY68uXPDnWi
World Without Love - Original,The Buckinghams,spotify:track:7gm2HPllonVDX7zVzjooNZ
Kind of a Drag,The Buckinghams,spotify:track:0eo6DbG3X03HPltJwpdvSu
Lawdy Miss Clawdy,The Buckinghams,spotify:track:58dTWhQWhDg3wG0SjicfF1
I've Been Wrong Before,The Buckinghams,spotify:track:4wu0YkNpYPcvj7oquptoGa
I'll Go Crazy,The Buckinghams,spotify:track:2rSRyJl8uXgrX4TMVnjNYw
I Call Your Name,The Buckinghams,spotify:track:0nMy3ZgxwgVgs82wzmFsrE
Makin' Up And Breakin' Up,The Buckinghams,spotify:track:0z8UgH3odgVihjDMc7MDLx
Don't You Care,The Buckinghams,spotify:track:5QNlCdDeOL1WCFBc6aG8VU
"Mercy, Mercy, Mercy",The Buckinghams,spotify:track:6un3zjWCZNU3SgNBrIviXX
Hey Baby (They're Playing Our Song),The Buckinghams,spotify:track:434YTed4ixVHFzXcbiAeyM
Susan,The Buckinghams,spotify:track:70Cz8FcVCa5DHXiIrev85V
Back In Love Again,The Buckinghams,spotify:track:5ihFDUNsWY2wKPoAis8Shk
You Misunderstand Me,The Buckinghams,spotify:track:5hJ5Q7jiKfRXlx8BPRsLxK
Where Did You Come From,The Buckinghams,spotify:track:7vgHktqHi5pEeHk4X3s4YV
This Is How Much I Love You,The Buckinghams,spotify:track:7K57Az1EAG4h0xQAJuB5lg
It's a Beautiful Day (For Lovin'),The Buckinghams,spotify:track:3cLOkJH9D4IfMf6M5Kw9fH
Difference of Opinion,The Buckinghams,spotify:track:0shuauiWbYBihMY2cm07n1
I Got a Feelin',The Buckinghams,spotify:track:66GugI96A68UsAZw7GVgDL
You,The Buckinghams,spotify:track:3PcoDwo45C4ViAM5EP3QBL
Here Come The Rome Plows,Drive Like Jehu,spotify:track:2CWA9x0ahUkluLg7hfeSdD
Do You Compute,Drive Like Jehu,spotify:track:2pX7sV7IftnXvvU2v7dm98
Golden Brown,Drive Like Jehu,spotify:track:5l4zPdlofTzTjlcUJ0eMGf
Luau,Drive Like Jehu,spotify:track:4g33Eayu7g1aBoT15XT84U
Super Unison,Drive Like Jehu,spotify:track:2MViGvLTiC1YM3mC5CM5X4
New Intro,Drive Like Jehu,spotify:track:0MWDH6eYdifCuSa9dTyFot
New Math,Drive Like Jehu,spotify:track:6pLuVVmrwXY9f3ScTRDQdP
Human Interest,Drive Like Jehu,spotify:track:111xAeKiw4e9fO0S3PTfeq
Sinews,Drive Like Jehu,spotify:track:6L6VNXJ7vT7ZwpymZXTJBT
Bullet Train to Vegas,Drive Like Jehu,spotify:track:2IVYMAXg2DX9Y1kcHolPAj
Hand Over Fist,Drive Like Jehu,spotify:track:4tx1CUOOWZUhegiNDj01mC
Sinews (Original Version),Drive Like Jehu,spotify:track:4MryUOY3kOjG8fXS9PJoJ7
Here Come the Rome Plows,Drive Like Jehu,spotify:track:2VaZ98xvuFoOwlzqAedqUZ
Do You Compute,Drive Like Jehu,spotify:track:793RxZVVT5ITET0thwbjAK
Golden Brown,Drive Like Jehu,spotify:track:74qgrn0YAo3cgRcH4xQBsA
Luau,Drive Like Jehu,spotify:track:0rcBONdvQcvSHARoEVbfSO
Super Unison,Drive Like Jehu,spotify:track:5diNR9OTKnjnP5MF80bPtt
New Intro,Drive Like Jehu,spotify:track:1rwUsmCyQ7C1XpIB3Hl8xs
New Math,Drive Like Jehu,spotify:track:6lSqeJ5a8OS1REwIm5OABR
Human Interest,Drive Like Jehu,spotify:track:6UPSQEjfyJZH15stpfqmKW
Sinews,Drive Like Jehu,spotify:track:1s3pmNOdqg9YSIckYQQKPV
Hand over Fist,Drive Like Jehu,spotify:track:0RrQ2mubIsRfAskzDj6xsi
Bullet Train to Vegas,Drive Like Jehu,spotify:track:0HobrVdP8OoQY3YP8Lcv0q
Sinews (Original Version),Drive Like Jehu,spotify:track:2sFyPLj62U6CrXm6CBCzL5
Louie Louie,Bob Hocko,spotify:track:5LxQJXnEuSD8B0U7kYiHZN
Hey Freak,Bob Hocko,spotify:track:1uC45GgdWjkP3sTH5MLkvI
She's Got Everything,Bob Hocko,spotify:track:4v6AMwTjNo5UG1LPr4Q37U
I'm Going Home,Bob Hocko,spotify:track:5ZY7fL4qG1PVCb40iLicfg
Hey Joe,Bob Hocko,spotify:track:3nvuxssNIaFBXTktyuarLt
It's Not Easy,Bob Hocko,spotify:track:1aHtKSDznkUP27RPaLb6qJ
No Friend of Mine,Bob Hocko,spotify:track:6Fw5VIq9TFu9P9Utmmjuc4
Till the End of the Day,Bob Hocko,spotify:track:3IO6o52h7USIfAXAflXaqu
In the Midnight Hour,Bob Hocko,spotify:track:2qmOQprW6muPhtyuPEyOhC
"Here, There and Everywhere",Bob Hocko,spotify:track:6T0UZ8UvtsLrIGEXEEEZLD
Tobacco Road,Bob Hocko,spotify:track:0Zd4iuGzt9Ej5fMbbNLwwI
Psycho,Bob Hocko,spotify:track:7rZfm29yaO4JF4h5Rgep38
It's Not Easy (alternate version),Bob Hocko,spotify:track:0154bO0STEgYkFVQR43QFM
Just One Of Those Things,Blossom Dearie,spotify:track:20BXChS7Cjs6nvs15pwcZC
Like Someone In Love,Blossom Dearie,spotify:track:3ETkeIC566mZ3iC00XCDFp
Between The Devil And The Deep Blue Sea,Blossom Dearie,spotify:track:7iK9db8Ti1rdMg0m6bdn5p
They Say It's Spring,Blossom Dearie,spotify:track:6el9s4ZiJhCuOctd3CHO0j
Try Your Wings,Blossom Dearie,spotify:track:7KxiNjobOAkn79QrqlNSYX
Bang Goes The Drum,Blossom Dearie,spotify:track:1f6oCUqLp2O2q0zs3wOzBi
The Riviera,Blossom Dearie,spotify:track:33EeZ5SZGrwPAFW1kNgnDH
The Middle Of Love,Blossom Dearie,spotify:track:3kkiKK9vt3aKQp0cAqZpnM
Plus Je T'embrasse,Blossom Dearie,spotify:track:3KT0SEsaO5RuzQv1pIKDEx
Give Him The Ooh-La-La,Blossom Dearie,spotify:track:0ghtS4w1pSxPrlpCoLrXhX
Let Me Love You,Blossom Dearie,spotify:track:5Q3EnW2dL1maRgq57hKW8H
I Walk A Little Faster,Blossom Dearie,spotify:track:5vCzExjUGS0HfamtUzVivI
Give Him The Ooh-La-La - Alternate Take,Blossom Dearie,spotify:track:4gxV7EMP3ktipIqdPmQ60B
Something Happens To Me,Blossom Dearie,spotify:track:1kKf0BRGJhPTndA4hkGOAj
(I'm) In Love Again,Blossom Dearie,spotify:track:2UbRalHv7I1wK6GetmgkG4
When Sunny Gets Blue,Blossom Dearie,spotify:track:3L0xxQdc0ehi7zzgvGGW6c
Quiet Nights Of Quiet Stars (Corcovado) - Remastered,Blossom Dearie,spotify:track:3UgO0sLbQ6nvk6mVjgjXBa
Don't Wait Too Long,Blossom Dearie,spotify:track:0NDTNQjsZ4ryPn4GEeht3x
I Wish You Love,Blossom Dearie,spotify:track:1XhZW7xlUp5fc7ZueeouJw
Charade - Remastered,Blossom Dearie,spotify:track:5CmMqObB8EOYmGqwDi4gjR
May I Come In?,Blossom Dearie,spotify:track:3Jb8oWcvHD4vmTc9KPgXUi
I'm Old Fashioned,Blossom Dearie,spotify:track:46HkIwK6B3msXzAjaRdVc8
Love Is A Necessary Evil,Blossom Dearie,spotify:track:56vfLkLDuo1kvR2KGgW6N8
The Best Is Yet To Come,Blossom Dearie,spotify:track:1hyrxIaIqalhLwyvP7Z0rc
Put On A Happy Face,Blossom Dearie,spotify:track:3cD2RpRexAYBCEZcWCzEqB
That's Just The Way I Want To Be,Blossom Dearie,spotify:track:32GnZu7bi3HdJrZn29aZK5
Long Daddy Green,Blossom Dearie,spotify:track:1FYs9yqx0ZVNBXIoGh5nVj
Sweet Surprise,Blossom Dearie,spotify:track:7rZX0RBMc9oW9dBsUPaNcT
Hey John,Blossom Dearie,spotify:track:7fLngnGasQyGp05isR2KKf
Sweet Georgie Fame,Blossom Dearie,spotify:track:4oqLzO0CzTwLtMxRjSTfB0
Both Sides Now,Blossom Dearie,spotify:track:5sJFxBrngtXineLcw8dE9D
Dusty Springfield,Blossom Dearie,spotify:track:08jRVdVhalVSx3LCcJhPBA
Will There Really Be A Morning,Blossom Dearie,spotify:track:57WXTHAF565mzS6elhiEy3
I Know The Moon,Blossom Dearie,spotify:track:6111ANmUwd34s3syZ6UBFv
Inside A Silent Tear,Blossom Dearie,spotify:track:4lXEOfWDXsaE3rVFuWQVEq
Yesterday When I Was Young,Blossom Dearie,spotify:track:0IiuU0zRWRgQ0nAaR8jp4w
I Like London In The Rain,Blossom Dearie,spotify:track:6F8BV73aCpz8uNVY4qw2lb
Just One Of Those Things,Blossom Dearie,spotify:track:1q9jHbPnBuYSKynFABqK2i
Like Someone In Love,Blossom Dearie,spotify:track:1HvJHT7HO6l8fvZ7AFd6SV
Between The Devil And The Deep Blue Sea,Blossom Dearie,spotify:track:6INVoNpTuZ2Uqi588Y5Fi2
Try Your Wings,Blossom Dearie,spotify:track:4ILOGFnSMDzbtn0zXMCFwW
The Riviera,Blossom Dearie,spotify:track:39tC4mZEOszqBLerOO2ciY
The Middle Of Love,Blossom Dearie,spotify:track:2tTolJJTZVEIYroxjj6vBk
Plus Je T'embrasse,Blossom Dearie,spotify:track:5UiaszjisznaX77YaCgUhX
Give Him The Ooh-La-La,Blossom Dearie,spotify:track:4D2F8p920HZEx9bMClKZrn
I Walk A Little Faster,Blossom Dearie,spotify:track:5tgKlRmnC3KTAtsVcUEpAe
They Say It's Spring,Blossom Dearie,spotify:track:7spdOASg2r8uR473H5zLXV
Let Me Love You,Blossom Dearie,spotify:track:77JAVlzKXhHc4zZPDiW6dw
Once Upon A Summertime,Blossom Dearie,spotify:track:4XZ16e6lPxCMZN1qJ0wnfg
Little Jazz Bird,Blossom Dearie,spotify:track:6Bbn9JXOc660jRCtzyzxll
Bang Goes The Drum (And You're In Love),Blossom Dearie,spotify:track:1DedVYH6fOOIsQdGKOE25Z
Someone To Watch Over Me,Blossom Dearie,spotify:track:1VGVQow66A3KtA0CaFIoDL
L'Etang,Blossom Dearie,spotify:track:5u9nzkSiJXe2MqKfTkgMtW
Give Him The Ooh-La-La,Blossom Dearie,spotify:track:20BjtFnNXkAivWt9Ran8W9
Rhode Island Is Famous For You,Blossom Dearie,spotify:track:2oAZxMIVoopPxAXkHoB5Xv
Tea For Two,Blossom Dearie,spotify:track:0Bbm9kxgXwTEnU96yuMrIX
Surrey With The Fringe On Top,Blossom Dearie,spotify:track:6dLR3nBW9sLeJeMthqyIKV
I Won't Dance,Blossom Dearie,spotify:track:4hV5rlMgCoxlF1fWxNlgpo
Down With Love,Blossom Dearie,spotify:track:4kP0Ap4GnWQL2hwrdffDht
Dearie's Blues,Blossom Dearie,spotify:track:7hnkLbQUnIQtkNqR6rKUaJ
Manhattan,Blossom Dearie,spotify:track:6YKaMiBldwcoUp88U2OsmY
The Party's Over,Blossom Dearie,spotify:track:0RvvXBgvMyqc9Tt84AHEQK
Everything I've Got - Live,Blossom Dearie,spotify:track:34EJmplpGx9ibcNLQDGMLq
Quiet Time - Live,Blossom Dearie,spotify:track:3Hsp3JjfIm5V3ESLQetHOp
I'm Hip - Live,Blossom Dearie,spotify:track:6Whb5BDg5WsY4XLK6pFV9O
My Attorney Bernie - Live,Blossom Dearie,spotify:track:67BQLQRZzJuxH73ID8l8TE
Bye Bye Country boy - Live,Blossom Dearie,spotify:track:1f2kckTmR24hudrb2d5LhO
Bruce - Live,Blossom Dearie,spotify:track:7AW2j8JjA837yALTvfArLF
"Liz, Ralph and Calvin - Live",Blossom Dearie,spotify:track:15PUCppqryqgS1i7I2ixB1
I'm Shadowing You - Live,Blossom Dearie,spotify:track:1gvW9g8CqeojwaQikmi6hW
Blossom - Live,Blossom Dearie,spotify:track:0PvfnezRBVGkTUzxQ9i0wo
Peel Me A Grape - Live,Blossom Dearie,spotify:track:55sKy3FTsPYQzCC5JurJxq
Lush Life - Live,Blossom Dearie,spotify:track:54KjrDlbB4H1LFn1MVfro2
If I Were A Bell - Live,Blossom Dearie,spotify:track:65Q8swSRmZ0WZOY7uHr4my
Sweet Georgie Fame - Live,Blossom Dearie,spotify:track:6gmlmWZazz47FgMNeolEX7
I Want You To Know,The Seahorses,spotify:track:3dGfC0IUACyheVDq5z5f5l
Blinded By The Sun,The Seahorses,spotify:track:0R1NKHsrwV4Wbz9bHp1cT8
Suicide Drive,The Seahorses,spotify:track:2vxZNj0aIxT0RQ0fBO6spR
The Boy In The Picture,The Seahorses,spotify:track:2rBEtGuTWyIJpThkuhqJOK
Love Is The Law,The Seahorses,spotify:track:5hxttI33fq6Pj5jWabbEOz
Happiness Is Eggshaped,The Seahorses,spotify:track:5m9QUie8un7zkO400UabDM
Love Me And Leave Me,The Seahorses,spotify:track:0JI71FgrXbF44I02R5bqeK
Round The Universe,The Seahorses,spotify:track:0IligkE2iHt8XUBmptfS7P
1999,The Seahorses,spotify:track:0Jtg11boDb0pnqYrlTQxEc
Standing On Your Head,The Seahorses,spotify:track:4qqgYeDeoQjXxCQIGKHOIq
Hello,The Seahorses,spotify:track:67oYBRZLKKAZw5yjjQ5rbT
Blinded By The Sun,The Seahorses,spotify:track:7jsz8TtuLHXJFVbR9J9qR4
Kill Pussycat Kill,The Seahorses,spotify:track:7poKgFnIXsKEq7ND5GCz2H
Moving On,The Seahorses,spotify:track:36HjdgXoxFJP3BqMzURMEe
Love Is The Law,The Seahorses,spotify:track:5gYR30qudJuzHVEckul8sr
Dreamer,The Seahorses,spotify:track:1S8jMx0DYTHdZ6NAd9kBba
Sale Of The Century,The Seahorses,spotify:track:5tgqeQTrzHImt7Q66SsrKX
Love Me And Leave Me,The Seahorses,spotify:track:0yojmohLjsUqqt1SgsvLHt
Shine,The Seahorses,spotify:track:37Ya9bBBifLzM3TlMHsZ9S
Falling Is Easy,The Seahorses,spotify:track:5A6y3iWOVGSIvNOb2MzjKN
You Can Talk To Me,The Seahorses,spotify:track:1Vd1qrafRaOgtkH5bvv0cR
El Greco: Movement I,Vangelis,spotify:track:2dOHVkMnSVEa8AeIKocEJv
You Can Talk To Me,The Seahorses,spotify:track:1Vd1qrafRaOgtkH5bvv0cR
El Greco: Movement I,Vangelis,spotify:track:2dOHVkMnSVEa8AeIKocEJv
El Greco: Movement Ii,Vangelis,spotify:track:4DWOOZBnNvyXaKVwaJPsSy
El Greco: Movement Iii,Vangelis,spotify:track:7FpVyI3eP5NgpVXLCEpioy
El Greco: Movement Iv,Vangelis,spotify:track:6kjxDm9ip7Wd3kiVYNOvHU
El Greco: Movement V,Vangelis,spotify:track:7ivEGC9b2Tt4Le97cqqjkB
El Greco: Movement Vi,Vangelis,spotify:track:6uB0JsU6lh22S9Cnl3dxQb
El Greco: Movement Vii,Vangelis,spotify:track:5NOwWsj3IunKzMKQhSgcVW
El Greco: Movement Viii,Vangelis,spotify:track:6wbmYnAIyMZSw7qHkPrQOv
El Greco: Movement Ix,Vangelis,spotify:track:7m59stTzTdUtj7737mSNHg
El Greco: Movement X - Epilogue,Vangelis,spotify:track:15xJh2c7UmUymnWgcsxArJ
El Greco: Movement I,Vangelis,spotify:track:1KfxOzJcO3bAX1AGpMQqlG
El Greco: Movement Ii,Vangelis,spotify:track:4KRKVDqJI1zANd4y5xCToB
El Greco: Movement Iii,Vangelis,spotify:track:1Dgj3OmZqCWtvAeysaCvTP
El Greco: Movement Iv,Vangelis,spotify:track:2pkpypjkEzQLZBeduSl0ae
El Greco: Movement Ix,Vangelis,spotify:track:5Wo5QQFaFkpBECC9RiAfUO
El Greco: Movement V,Vangelis,spotify:track:0VDfhTMMDxqkKJYD925OQK
El Greco: Movement Vi,Vangelis,spotify:track:7CYWk1ZrbfOHmEVU44E09o
El Greco: Movement Vii,Vangelis,spotify:track:6s3z0zvzGUlppPzlaESjrt
El Greco: Movement Viii,Vangelis,spotify:track:6ztXGscKVivjKODdbGkK6V
El Greco: Movement X - Epilogue,Vangelis,spotify:track:5uMt6ZZZG8bRSb7X8LJnKf
Bon Voyage,Vangelis,spotify:track:1vNxtrQYbr9w3wwmslzNR3
Siren's Whispering,Vangelis,spotify:track:24auEWHk5IjqjrWdxGKbTi
Dreams of Surf,Vangelis,spotify:track:3PUufjfgnfjiDXj8nW77hq
Spanish Harbour,Vangelis,spotify:track:6PKyIEkpoyOh9K47NdHTzG
Islands of the Orient,Vangelis,spotify:track:6yzWjmKhcghia7k1YLaA1s
Fields of Coral,Vangelis,spotify:track:27iy87clL6mJQh9ybqLNK8
Aquatic Dance,Vangelis,spotify:track:3FqkOf0gZvWbUmmAUA9Ao8
Memories of Blue,Vangelis,spotify:track:4VhnhcqEEy3n5LYHOqI5Rh
Songs of the Seas,Vangelis,spotify:track:0arhGtmkHcZTlwhAurRUF2
Voices,Vangelis,spotify:track:1UeUuLXuQHnRVGkMnBFoHC
Echoes,Vangelis,spotify:track:5aMQbyRZvIpXJdz7GJw1jB
Come to Me,Vangelis,spotify:track:6Mufy9z1sU3m8ZU0McYJK7
P.S.,Vangelis,spotify:track:1tM54E0BkBGbxsRyYw9rfe
Ask the Mountains,Vangelis,spotify:track:0a9vFMUe4Svca3hrz96m2F
Prelude,Vangelis,spotify:track:0iOGQLRhFWK0G5NBIXaYHu
"Losing Sleep - Still, My Heart",Vangelis,spotify:track:33YkQTJxNY50Uw5uc78u95
Messages,Vangelis,spotify:track:1QmsdTHFPSRdo4tqYpn2BQ
Dream in an Open Place,Vangelis,spotify:track:3eviyjnwh5agS6iWR6W7eg
Voices,Vangelis,spotify:track:2pgjiHXeXRTqXxabugZoLD
Echoes,Vangelis,spotify:track:1tVpdAetWFZsb15facJiWb
Come to Me,Vangelis,spotify:track:0I0i0baAjsJMlTq4rw8w5Q
P.S.,Vangelis,spotify:track:5RMXXGILiMtXMkZb8jxdZ9
Ask the Mountains,Vangelis,spotify:track:7nnRf1iHM8G8WTVrnkWkbv
Prelude,Vangelis,spotify:track:5DmruZakADX1JhSPZlijNz
"Losing Sleep - Still, My Heart",Vangelis,spotify:track:3f3JYR4XrYRUm9JDWJO5Cy
Dream in an Open Place,Vangelis,spotify:track:2Jbdcc1ZSqOBGhLEtoiLuh
"Main Titles (From ""Blade Runner"")",Vangelis,spotify:track:6baN5nSUIVTsUyugSuAj7U
Blush Response,Vangelis,spotify:track:0cSnUM2fNEx4pAkNfWpdkU
Wait for Me,Vangelis,spotify:track:2lwbjZkzcDkMSf0a4o0Ax1
Rachel's Song,Vangelis,spotify:track:5JtTSaH8W6UVqViPgpcqTq
"Love Theme (From ""Blade Runner"")",Vangelis,spotify:track:2oDR7QWoLBk9VYMwsFbRGq
"One More Kiss, Dear",Vangelis,spotify:track:7CKz0xDkXuPdW3xEQ4NUS9
Blade Runner Blues,Vangelis,spotify:track:575blCgesVtCu0HEYaIcas
Memories of Green,Vangelis,spotify:track:0rHCW5eZ35QmQNVYyozAnZ
Tales of the Future,Vangelis,spotify:track:21aDHnHXtZqnxqLaD0chkG
Damask Rose,Vangelis,spotify:track:4OqxR8Sahk7X5NdVMaNlZq
Blade Runner - End Titles,Vangelis,spotify:track:1u1ATklwZesAvq1whHsI8Z
Tears in Rain,Vangelis,spotify:track:2LxEIWrZkzfc55c3rk05DH
Opening,Vangelis,spotify:track:3BUoh4ToIQXNDYWNVBAbgx
Conquest of Paradise,Vangelis,spotify:track:5avVpUakfMHD6qGpaH26CF
Monastery of La Rabida,Vangelis,spotify:track:0v6FuCt6q776u7DzFMOPi0
City of Isabel,Vangelis,spotify:track:02nEzf5yn6sqI6PxM6QZ8N
Light and Shadow,Vangelis,spotify:track:7Imvh030lE3llIlUIC4Nr9
Deliverance,Vangelis,spotify:track:5qwcSKb0FcpQhFB4QtXZ5b
West Across the Ocean Sea,Vangelis,spotify:track:574kl9OU5dmKGKYhDFXj2P
Eternity,Vangelis,spotify:track:0X6SplektlOd1CwtwuOOaM
Hispanola,Vangelis,spotify:track:1LYcfDsjiz4z0dqt4mzDQq
Moxica and the Horse,Vangelis,spotify:track:14LPasSTYy0QbrHIfEYeDQ
Twenty Eighth Parallel,Vangelis,spotify:track:15I4SzvLAI1mguGr9mgIUq
"Pinta, Nina, Santa Maria - Into Eternity",Vangelis,spotify:track:0BQcj5GUvonO9byni0bEuu
Wisdom Chain,Jon Anderson,spotify:track:47y6FEuzkYGYLgB43OeUdQ
Page of Life,Jon Anderson,spotify:track:2Yp0GXKoAlVUbuayc7Dict
Money,Jon Anderson,spotify:track:7jNX7msCwjEIbvRk0axlVv
Jazzy Box,Vangelis,spotify:track:54WGVY3HBTACY8RoScsYXZ
Garden of Senses,Jon Anderson,spotify:track:7gbQiOh68T3XoMh4510pjU
Is It Love,Jon Anderson,spotify:track:2zSdtir8RAfAvYDDAJ6OZK
Anyone Can Light a Candle,Jon Anderson,spotify:track:5OF8SAFezsSd3Y9DNBDTLq
Be a Good Friend of Mine,Jon Anderson,spotify:track:0YPvrdysUrzpEsXpaZSEfw
Shine for Me,Jon Anderson,spotify:track:3cZ0nbCLiecVbQrNv3AcS3
Genevieve,Jon Anderson,spotify:track:3ME0faZngf8ceOiM34GRjF
Journey to Ixtlan,Jon Anderson,spotify:track:2k2hO02UHZNYxr0HPRXKyy
Little Guitar,Vangelis,spotify:track:72U0fd2rVeuGebYLTTtkCW
Sing With Your Eyes,Jon Anderson,spotify:track:4QAkKBzI5O1oEg1OEaHN6E
Sentimental Journey (with Les Brown & His Orchestra),Doris Day,spotify:track:1CbE0pC7M9XdwykXffVLC4
My Dreams Are Getting Better All the Time (with Les Brown & His Orchestra),Doris Day,spotify:track:61Ie0vDRFTjWmRvvVTZnZz
It's Magic,Doris Day,spotify:track:0VYQVrb5aBC6kSYUhVVpvo
Love Somebody,Doris Day,spotify:track:4Nb9uie4PfhxhfIHo8ptp6
"Tacos, Enchiladas And Beans",Doris Day,spotify:track:6VxR1uBwPEZ8KIewtcdoaQ
"Put 'Em In A Box, Tie 'Em With A Ribbon (And Throw 'Em In The Deep Blue Sea)",Doris Day,spotify:track:1Vj86aU8S0RZN3cxH0enTf
Someone Like You,Buddy Clark,spotify:track:5hDCLhENOOppC0ozlu7w5B
That Old Feeling,Doris Day,spotify:track:1VkRppgAvzGkv24B1d3uAf
Again (with The Mellomen),Doris Day,spotify:track:6flnMIJrllR54zxOH8TTAm
At The Cafe Rendezvous,Doris Day,spotify:track:1LHQNiqkCwHMzgBt1rt5pn
You Can Have Him,Dinah Shore,spotify:track:6h08xSa69eJtPiZMPMRTpP
Cuttin' Capers (with Frank DeVol & His Orchestra),Doris Day,spotify:track:7hD2vE23R6JInQHzRt4ayG
The Very Thought of You (with Harry James & His Orchestra),Doris Day,spotify:track:1LAUToiXFOwdcZDpklolUj
Too Marvelous For Words,Doris Day,spotify:track:6PoW89h2ieA4rAZUon17pG
I Only Have Eyes for You (with Axel Stordahl & His Orchestra),Doris Day,spotify:track:7awIgCP2DnJnM8TjE6zRe7
Crazy Rhythm (with Gene Nelson & The Page Cavanaugh Trio),Doris Day,spotify:track:2wVzanwKAHEfWVqYOEXtyA
"I've Never Been In Love Before - (from the musical ""Guys and Dolls"")",Doris Day,spotify:track:3iThxg85vtjHmzLbWcEPJZ
It's A Lovely Day Today,Doris Day,spotify:track:4N0rVbtBdPRg4R42H6D6YZ
You're Getting to Be a Habit with Me,Doris Day,spotify:track:5s1QiPLSsgSBw2XmLHkL1Q
In a Shanty In Old Shanty Town,Doris Day,spotify:track:2SFV7tgCnl508Vo3SXE7U5
Lullaby of Broadway (with Harry James & His Orchestra),Doris Day,spotify:track:1GqCLDiRzF2wPeiylprpth
On Moonlight Bay (with Paul Weston & His Orchestra & The Norman Luboff Choir),Doris Day,spotify:track:1RDZUVUNcgq4bvIGcgnhi9
(Why Did I Tell You I Was Going To) Shanghai,Doris Day,spotify:track:6Aw98MPbHTzUvSFgvWKl1C
"Baby Doll (with Paul Weston & His Orchestra) - From ""The Belle Of New York""",Doris Day,spotify:track:31VF5EkE775yRR7sDhKFZI
It Had to Be You (with Paul Weston & His Orchestra),Doris Day,spotify:track:2hHWl4GDENtmiibBIDL2ul
Sugarbush (with Frankie Laine),Doris Day,spotify:track:3oBPlGrNWLS9koXmQxGKAJ
A Guy Is a Guy,Doris Day,spotify:track:6ScV1uGIxeFlJ1c2RLWYwL
April In Paris (with Percy Faith & His Orchestra) - 78rpm Version,Doris Day,spotify:track:0aYn71Tag2bWlo7xCg8twP
Ain't We Got Fun? (with Paul Weston & His Orchestra),Doris Day,spotify:track:5EZSr4AUcLU86XVAtKPM5i
The Black Hills of Dakota,Doris Day with Orchestra & Vocal Quartet,spotify:track:58x05FsA0Byw6Yr6Jh1y1X
Secret Love,Doris Day,spotify:track:06vUR11u4J4CB8NupN8GD5
"I Speak To The Stars (with Leith Stevens & His Orchestra) - From ""Lucky Me""",Doris Day,spotify:track:0Jn8jNgS3kaj4xHo8HgLJt
If I Give My Heart to You (with The Mellomen) - 78rpm Version,Doris Day,spotify:track:4iA7VrynXRu8YJeBjSlCza
There's a Rising Moon (with Percy Faith & His Orchestra) - 78rpm Version,Doris Day,spotify:track:3Uh7l8JouCdAE16RA8h2hw
Shaking the Blues Away (with Percy Faith & His Orchestra),Doris Day,spotify:track:7rdzu3qT6O2egJVyFuJ68q
I'll Never Stop Loving You (with Percy Faith & His Orchestra),Doris Day,spotify:track:5fW0EPg7RmWtr1QpktSefa
"Whatever Will Be, Will Be (Que Sera, Sera) (with Frank DeVol & His Orchestra) - Single Version",Doris Day,spotify:track:3B9wzIw2QEQfexDXhc1fgZ
There Once Was a Man,Doris Day,spotify:track:1oFGQ8WIChiZO8Zd4eK2Kh
Everybody Loves a Lover,Doris Day,spotify:track:0lIUIm6AE2jJc8GsopM9ju
That Jane from Maine,Doris Day,spotify:track:3fEUrCavSEQLPJwcAQIqFz
"Pillow Talk - From ""Pillow Talk""",Doris Day,spotify:track:79iT6ij5dB8VaqFyf5KDdA
Lover Come Back (with Frank DeVol & His Orchestra) - Mono,Doris Day,spotify:track:70IEQ2xP9jK2nmkzyvkTnx
You're Good For Me (with The Andr√© Previn Trio),Doris Day,spotify:track:7yngT1tfScVhgKgwHxsXEk
My Romance,Doris Day,spotify:track:7MYVEDoqtqOn2qTvbuWFG5
Doin' What Comes Natur'lly,Doris Day,spotify:track:0DmtT4TH9YYzYgdeoWUV2T
Let The Little Girl Limbo,Doris Day with orchestra conducted by Robert Mersey,spotify:track:0hM1OBWw3Nd2iFEB0UxXLM
Move Over Darling,Doris Day,spotify:track:6KqswHQtAO0XY9qIKck4un
Sorry,Doris Day,spotify:track:0TVc45JqoHBmiRjZtuNFZ3
Medley: Romance In High C/Romance On The High Seas - Romance On The High Seas (1948),Doris Day,spotify:track:3gnoB9xgpKUZ5185ZsUUnL
I'm In Love (Previously Unissued Version) - Romance On The High Seas (1948),Doris Day,spotify:track:0DLBKGslPDTptzA0Mw2E54
It's Magic - Romance On The High Seas (1948),Doris Day,spotify:track:2M7ZFuqf0D8PIYE0GKQLAz
It's You Or No One (With Jazz Trio) - Romance On The High Seas (1948),Doris Day,spotify:track:1a5TTsXQ9SNN4d3gjHfbkB
It's You Or No One (Ballad) - Romance On The High Seas (1948),Doris Day,spotify:track:2hDzE5oNOgNoRvR3uBXxvA
Put 'Em In A Box - Romance On The High Seas (1948),Doris Day,spotify:track:3CohoAKAqQT6w9FKieGjLx
Canadian Capers - My Dream Is Yours (1949),Doris Day,spotify:track:4WXoSbni17MmPfX8RpGi7n
My Dream Is Yours - My Dream Is Yours (1949),Doris Day,spotify:track:1GS4anh1j0k3Q4kbxpB9Oi
Tic Tic Tic - (Extended Version) My Dream Is Yours (1949),Doris Day,spotify:track:3MM33kBO1cOewAyBv7WY9x
"Freddie, Get Ready - My Dream Is Yours (1949)",Doris Day,spotify:track:2jLOFDhPkHh9BbdTnNmmu7
I'll String Along With You - My Dream Is Yours (1949),Doris Day,spotify:track:6aMzglGBUjlaGIhpuC2914
Someone Like You - My Dream Is Yours (1949),Doris Day,spotify:track:2Wsv0RpDedQqN7HO9Hwm0j
It's A Great Feeling - It's A Great Feeling (Main Title),Doris Day,spotify:track:2StLgHcV7rb7khw2EIt7r4
Blame My Absent-Minded Heart - It's A Great Feeling (Main Title),Doris Day,spotify:track:2bV47t875ZK6VsQFLmk2t1
That Was A Big Fat Lie - It's A Great Feeling (Main Title),Doris Day,spotify:track:0200LU9juDajjx3WKHFPUR
There's Nothing Rougher Than Love - It's A Great Feeling (Main Title),Doris Day,spotify:track:2Kfh12vA7G4x6XOJmMFxCN
It's Magic - (Reprise) Romace On The High Seas (1948),Doris Day,spotify:track:6SNCdKjameRVJsiRIWOzYQ
The Rhumba Boogie,Hank Snow & His Rainbow Ranch Boys,spotify:track:10tOCSmnpXfjCRuibrTBns
I'm Movin' On,"Hank Snow, The Singing Ranger, And His Rainbow Ranch Boys",spotify:track:5A3PWXcB0sFVjOVAYLQR2h
The Golden Rocket,Hank Snow,spotify:track:5jcprGzyDUAq25Babtyuei
Unwanted Sign Upon Your Heart,Hank Snow & His Rainbow Ranch Boys,spotify:track:4hyYcs87OT2wRgd4HIUqBh
Music Makin' Mama from Memphis,Hank Snow & His Rainbow Ranch Boys,spotify:track:7ehNNFXYveMucWhw6wP55f
The Gold Rush Is Over,Hank Snow & His Rainbow Ranch Boys,spotify:track:7MSZoAAqZsL9FTCCMvp5Jx
I Don't Hurt Anymore,"Hank Snow, The Singing Rancher, and His Rainbow Ranch Boys",spotify:track:6maNSgDeWPLoSVHlj8iv4V
"(Now and Then, There's) A Fool Such As I - Single Version",Hank Snow,spotify:track:2OxaRLfB2mcu20ale73wSV
The Gal Who Invented Kissin',Hank Snow,spotify:track:67KFWMHJkPAv1IsBSYhTZJ
I Went To Your Wedding,Hank Snow,spotify:track:24d6mUj2ED4cA6060FVwVx
Would You Mind,Hank Snow,spotify:track:5WWBAM7BGTtiMZgk0nVVRe
Lady's Man,Hank Snow,spotify:track:0855H3LmTvbwCm6gICsXbo
Yellow Roses,Hank Snow & His Rainbow Ranch Boys,spotify:track:2iv87diZ2Gn7mQMMNJQKz6
Miller's Cave,Hank Snow,spotify:track:7G5oizAveeLJFYPxuHkdlE
Beggar To A King,Hank Snow,spotify:track:7LVznn2PvD2hRcmeWGjVl3
I've Been Everywhere,Hank Snow,spotify:track:59KLbEPx6oU0fdwtTVaQAw
Ninety Miles An Hour (Down A Dead End Street),Hank Snow,spotify:track:0McwxTf827aIs5pssbsI3b