Kieran White,Joy Of Cooking
Running Man,Yvonne Fair
Wham!,Lou Christie
Sammy Burdson,Joe Cocker
Dschinn,The Bar-Kays
Martha Velez,Jerry Butler
 Thick Smoke (And Loud,The Main Ingredient
Ivan,The Caboose
Aurra,Gordon Lightfoot
LÃÂÃÂÃÂÃÂ´ Borges,Gregg Allman
The Louis Hayes Group,James Gang
Captain Beyond,Ace
Christopher Cross,Conway Twitty with Joni Lee
Tormenta,Loudon Wainwright III
Curly Curve,Samantha Sang
AnonymousÃÂÃÂÃÂÃÂ ,Stargard
King Crimson,The Originals
"West, Bruce & Laing",Carl Carlton
Zipper,Cochise
 Deep And Mellow,The Gentrys
Jerry Garcia Band,Cliff Richard
 Soul Shy,Argent
Room,Bettye Swann
The Advancement,Gary Wright
Ricardo Soule,Dave Edmunds
Luis Bacalov,Lenny Welch
Chiquetete,Ian Hunter
T2,Barbara Mandrell
The Harold Wheeler Consort,Jerry Wallace
Embryo,Jackie Wilson
Katie Kissoon,The Rattles
Contraluz,Eddie Floyd
Paul Pena,The First Class
General Johnson,The Flame
Ainigma,The Sweet
The Shadows,Simon & Garfunkel
Lucio Dalla,Brownsville Station
Hairy Chapter,Sherbet
Tarika Blue,Sly Stone
Muddy Waters,Nolan Porter
Ronnie Laws,"Crosby, Stills, Nash & Young"
Alberto Cortez,Nektar
Reuben Wilson,Jane Olivor
Gene Harris,Nazareth
Stack Waddy,Tasha Thomas
Spaceark,The Undisputed Truth
Jeff Resnick,Ohio Players
Krokodil,Joe Jackson
Daniela Casa,Fanny
Capability Brown,Steve Martin And The Toot Uncommons
November,The Flying Machine
FranÃÂÃÂÃÂÃÂ§ois de Roubaix,Austin Roberts
Made In Sweden,Rita Coolidge
"Speed, Glue & Shinki",Soul Train Gang
 Holy Night,Jerry Reed
Dee Dee Bridgewater,Fancy
John Renbourn,Carl Douglas
ÃÂÃÂ£ÃÂÃÂÃÂÃÂ»ÃÂÃÂ£ÃÂÃÂÃÂÃÂ­ÃÂÃÂ£ÃÂÃÂÃÂÃÂÃÂÃÂ£ÃÂÃÂÃÂÃÂªÃÂÃÂ£ÃÂÃÂÃÂÃÂ»ÃÂÃÂ£ÃÂÃÂÃÂÃÂ·ÃÂÃÂ£ÃÂÃÂÃÂÃÂ²ÃÂÃÂ£ÃÂÃÂÃÂÃÂª,John Miles
Taana Gardner,Mass Production
The Groop,Pleasure
Azymuth,Rickie Lee Jones
The Soul Syndicate,Fern Kinney
Norman Connors and The Starship Orchestra,Eddie Kendricks
Eddie Henderson,Charlie Rich
Utopia,Jean Shepard
The Kay Gees,Herbie Mann
Ike Turner & The Kings Of Rhythm,Merry Clayton
Terry Callier,The Sylvers
Syd Barrett,Todd Rundgren
Marcus Hook Roll Band,Peter Brown With Betty Wright
Peter Baumann,Michael Murphey
Tyll,Silver
Roy Ayers Ubiquity,Angel
Dead Or Alive,Ringo Starr
Le SystÃÂÃÂÃÂÃÂ¨me Crapoutchik,Peter Gabriel
Gilgamesh,Gene Redding
Alphonse Mouzon,Sweet Dreams
Richard Betts,Teddy Pendergrass
GÃÂÃÂÃÂÃÂ¼nter Schickert,Canned Heat
The Slits,John Lennon Plastic Ono Band
Bolder Damn,Syl Johnson
Kermit,Dolly Parton
Beth Carvalho,The Marshall Tucker Band
Surface,Crawler
Jimmie Spheeris,Jack Blanchard & Misty Morgan
Jack Wilkins,"Evelyn ""Champagne"" King"
Los NÃÂÃÂÃÂÃÂ¡ufragos,David Dundas
Air,Bonnie Raitt
U.S. 69,Brick
Camilo Sesto,Johnny Cash And The Tennessee Three
LeÃÂÃÂÃÂÃÂ±o,Joni Mitchell
Zior,Paul Davis
Epitaph,Funky Kings
Stomu Yamash'ta,Potliquor
 I Do,Ronnie McDowell
Ilous & Decuyper,The Ramones
Opposite Corner,Ian Thomas
Eric Andersen,Creative Source
UFO,Doucette
Clark Hutchinson,Meat Loaf
Kim Fowley,Five Special
Public Image Ltd.,Ben E. King
Rick Kiefer,Nitty Gritty Dirt Band
Gil Scott-Heron,Mac McAnally
The Soft Boys,Larry Gatlin
Tom Rapp,Joe Simon
Benny Golson,Sylvia (r&b)
Spirogyra,Al Wilson
Flower Travellin' Band,Eric Clapton
Nine Days Wonder,Chris Hodge
The Move,Diana Ross
 Nice 'n' High,Jackie Moore
Hoelderlin,Ruby Winters
Jonesy,Sweathog
Parish Hall,Jay & The Americans
David Allan Coe,Jimmy James & The Vagabonds
Bernie Leadon,Rusty Wier
Lesiman,Walter Egan
A.R. & Machines,Kraftwerk
Creme Soda,Bobby Byrd
Grimaldi Frizzi,Greg Lake
Silverhead,Mandrill
Dias De Blues,Jennifer Warnes
Harold Fisher,Yvonne Elliman
Leonard Cohen,George Baker Selection
Paul Siebel,Hot Sauce
RodrÃÂÃÂÃÂÃÂ­guez,The Hues Corporation
CAN,The Impressions
Cactus,Funkadelic
Snafu,Runt-Todd Rundgren
Swamp Gas,Buffy Sainte-Marie
 pt. 2,Chic
Harry Nilsson,Maynard Ferguson
Sally Oldfield,Marty Robbins
Black Savage,Labelle
Palito Ortega,The Fantastics
Jaye P. Morgan,Melissa Manchester
Henry Mancini & His Concert Orchestra,Painter
Mort Garson,Jake Holmes
 Be Foolish,Mr. Big
Spanky & Our Gang,Arthur Alexander
Camel,Frankie Miller
Beaver Harris,Curtis Mayfield
Soft Machine,Casey Kelly
Breakwater,Natalie Cole
Adam Ant,Sister Sledge
Goblin,Suzi Quatro
Dave Richmond,Graham Nash & David Crosby
New Riders of the Purple Sage,Ann Peebles
Nils Lofgren,The Who
Sweet Blindness,Sharon Paige and Harold Melvin And The Blue Notes
Scorpions,Chaka Khan
Tranquility,Commander Cody & His Lost Planet Airmen
The Lively Ones,Lynn Anderson
John Scoggins,Cal Smith
Judy Garland,Stephen Bishop
The Jelly Bean Bandits,Narvel Felts
Marijata,Bay City Rollers
"Beck, Bogert, Appice",Doris Duke
Flamin' Groovies,John Phillips
Cobra,Don Covay
Paul McCartney,Roger Whittaker
East New York Ensemble de Music,Bonnie Pointer
Madness,The Real Thing
Crack The Sky,Buddy Miles
Hareton Salvanini,James Brown-Lyn Collins
Variety Orchestra Of The Committee For The TVR Bulgaria,Suzi Quatro & Chris Norman
G.C. Cameron,Ian Gomm
Living Voices,El Coco
Asha Puthli,Firefall
Faust,The Buoys
Simon Finn,Savoy Brown
Jan Hammer Group,The Soul Children
Spiritual Concept,The Manhattans
Jan Garbarek,Kenny Nolan
Pere Ubu,Dan Fogelberg
 Where Did We Go Wrong?,Merle Haggard
Road,Brian Protheroe
Tapiman,Danyel Gerard
The Real Kids,Leon Russell
Amon DÃÂÃÂÃÂÃÂ¼ÃÂÃÂÃÂÃÂ¼l II,Quicksilver Messenger Service
Growl,Deliverance/Eric Weissberg & Steve Mandell
Giovanni Fusco,Delaney & Bonnie
Booker T. & the M.G.'s,Tom Scott
 Spend,Linda Jones
Harry Thumann,The Mob
New York Dolls,Morris Albert
 15 December 1979,The Steve Miller Band
Mighty Baby,Roberta Flack & Donny Hathaway
Strawbs,The Tubes
Ry Cooder,The Alan Parsons Project
Aphrodite's Child,The People's Choice
Pan & Regaliz,Lou Reed
Casa Das MÃÂÃÂÃÂÃÂ¡quinas,Stephen Stills
Black Heat,The Archies
Tom Petty and the Heartbreakers,Grin
Patti LaBelle,B.B. King
Czeslaw Bartkowski,Michael Johnson
Dillard & Clark,Susan Jacks
 Mr. Postman,Jim Croce
Roy Harper,The Searchers
Bill Holt's Dreamies,Bobby Bloom
Brave Belt,Frankie Valli
John Kander,Ginger Baker's Air Force
Beck,Diana Ross & Marvin Gaye
Jon Lucien,The Righteous Brothers
Aunt Mary,New England
United Kingdom/1976,Engelbert Humperdinck
Sir Lord Baltimore,Ray Price
Marshall Chapman,Denise LaSalle
Hot Tuna,Ace Spectrum
Cecilio & Kapono,Helen Reddy
Tim Buckley,T.G. Sheppard
TOTO,James Brown
"Morning, Noon & Night",Cannonball Adderley
Doug Sahm Tex Mex Trip,Evie Sands
Morning,Little Richard
Gentle Giant,Dr. Hook
Shuggie Otis,David Essex
David Peel and The Lower East Side,The Floaters
The Boomtown Rats,Foreigner
Status Quo,Wendy Waldman
Pete Dello and Friends,Rufus Featuring Chaka Khan
Primevil,Mark Lindsay
Rotary Connection,Esther Phillips
DÃÂÃÂÃÂÃÂ¼de DÃÂÃÂÃÂÃÂ¼rst,Bulldog
Amon DÃÂÃÂÃÂÃÂ¼ÃÂÃÂÃÂÃÂ¼l,Earnest Jackson
The Stooges,Maria Muldaur
Agnes Strange,Andy Pratt
Gene Clark,Mungo Jerry
Donna Mcghee,Eddie Rabbitt
Annexus Quam,George Harrison
Altered Images,Yes
Riot,L.T.D.
Beauregarde,Parker McGee
Yellow Sunshine,Cross Country
Crash Coffin,Perry Como
Barry Miles,Odyssey
Peter Hammill,Nick Lowe
Sam Samudio,Norman Connors
 Easy Go,Neil Sedaka
The Natural Four,Santana
DEVO,David Naughton
Redd Holt Unlimited,Billy Preston & Syreeta
Floating Bridge,The Osmonds
NRBQ,Vic Dana
Boomerang,Charlie
Molly Hatchet,Sammy Hagar
The Saints,Mike Oldfield
Barrabas,Ted Nugent
Heklaa,Paul Simon (with The Dixie Hummingbirds)
Gal Costa,Bill Deal & The Rhondels
Stalk-Forrest Group,Celi Bee & The Buzzy Bunch
Samla Mammas Manna,Charlie Daniels
999,The Crusaders
The Fall,Ronnie Spector
James Talley,Ten Years After
Will Beeley,Art Garfunkel
ORM,Kathy Dalton
Byzantium,The Charlie Daniels Band
 October 1976,Led Zeppelin
Link Wray,Rubicon
Captain Marryat,Audience
The Clash,Graham Nash
Weldon Irvine,Mac Davis
Face To Face,Gene Chandler
Robert Wyatt,Conway Twitty
Guru Guru,Isaac Hayes & David Porter
Arthur Lee,The Meters
Sandro,The Beatles
Ugo Fusco,The Temptations
Taste,Brenda Lee
Allen Toussaint,David Blue
Plum Nelly,The Glass Bottle
The New Colony Six,Neil Young
Shinki Chen,Marvin Gaye
Sonny Fortune,Starland Vocal Band
A Bolha,War
Natural  High,Kenny Loggins
 Heavy Moaners,Ramones
Caetano Veloso,Chicago
Grant Green,Sun
Taxi,Rick Springfield
Rainbow Ffolly,Van Morrison
East Of Eden,Love
Dan Hicks & His Hot Licks,Gary Toms Empire
The High Numbers,John Lennon
Joe Bataan,People's Choice
Bruce Johnston,Van Mccoy
International Harvester,Tony Orlando & Dawn
Frank Stallone,Cheryl Ladd
Hiroshima,Creedence Clearwater Revival Featuring John Fogerty
Pholhas,Loretta Lynn
Point Blank,The Chakachas
Tom Verlaine,Shirley Bassey
Los Terricolas,Jeannie C. Riley
Ruphus,Philly Cream
Phil Manzanera,Sammy Johns
David Bendeth,Keith Carradine
Frankie Valli & The Four Seasons,Lee Oskar
 Lato A,John Denver
S.O.U.L.,Jethro Tull
Morpheus,Cymande
Jards MacalÃÂÃÂÃÂÃÂ©,ABBA
Tea,Jermaine Jackson
Doug Sahm,Ronnie Dyson
Message,Sniff 'n' the Tears
Gary Bartz,Dennis Coffey & The Detroit Guitar Band
Be Bop Deluxe,The Original Caste
Mina,"Jimmy ""Bo"" Horne"
Thunderhead,Laura Nyro
Jon Anderson,Steve Alaimo
Loose Change,Conway Twitty & Loretta Lynn
Macondo,Billy Joel
 West End,Percy Sledge
The J.B.'s,Space
McChurch Soundroom,Bobby Womack & Peace
THP,Dionne Warwicke
Dragonwyck,Emmylou Harris
North End,The Youngbloods
Earth & Fire,The Partridge Family Starring Shirley Jones Featuring David Cassidy
Quiet World,Carlos Santana & Buddy Miles
Harvey Mason,Jimmy Cliff
The La De Da's,Cornelius Brothers & Sister Rose
Stray,The Kiki Dee Band
Rogier Van Otterloo,Head East
Harold Melvin & The Blue Notes,Paul McCartney And Wings
Roland Shaw And His Orchestra,Clout
Mick Ronson,The Chi-lites
Virus,John Stewart
Muzak Orchestra,Tom Johnston
Paul Horn,Tony Joe White
Ananda Shankar,Hagood Hardy
Agitation Free,Tufano & Giammarese
Cromwell,Donny Osmond
Manfred Mann Chapter Three,Mistress
Commander Cody and His Lost Planet Airmen,Glen Campbell/Anne Murray
Three Man Army,Frederick Knight
Smog,Jody Miller
Riccardo Cocciante,Marie Osmond
Sparkle,Richie Havens
Tomorrow's Gift,Jessi Colter
NEU!,Aretha Franklin
Flash and the Pan,Brooklyn Dreams
Bernard Herrmann,Little Milton
Gary Stewart,Chris Rea
Maxine Weldon,Blue
 Lato B,Jim Weatherly
Wolf-Rudiger Uhlig,Laverne & Shirley
Stelvio Cipriani,The Michael Zager Band
The Web,"Earth, Wind & Fire"
Lion,Mouth & MacNeal
 2019 Remaster,Frankie Avalon
Ice,G.Q.
David Axelrod,Smokey Robinson & The Miracles
Rare Bird,Henry Mancini And His Orchestra
Flied Egg,Dick Feller
Phyrework,Michael Parks
Ballin' Jack,Lynyrd Skynyrd
The Grodeck Whipperjenny,Marshall Hain
Alice Coltrane,Chuck Mangione With The Hamilton Philharmonic Orchestra
Jeanne Folly,Bread
Merle Haggard & The Strangers,Norman Greenbaum
Cyndi Lauper,Santa Esmeralda
Julio Iglesias,"Bobby ""Blue"" Bland"
Phyllis Hyman,Timmy Thomas
Ronnie McNeir,Santa Esmeralda Starring Leroy Gomez
Joseph Bonner,Chase
Manfred Galatik,Bobbi Martin
 Seq. 8,Niteflyte
Moby Grape,William DeVaughn
The Dictators,Les McCann & Eddie Harris
Ashra,Easy Street
Bobbi Humphrey,Wet Willie
Nightlife Unlimited,T-Connection
 London,David Geddes
Belchior,Gilbert O'Sullivan
Godley & Creme,Love Unlimited
Lost Generation,Tim Moore
Joe Ely,Rick Nelson And The Stone Canyon Band
Steel Pulse,Mike Post
The Ozark Mountain Daredevils,Walter Jackson
Idris Muhammad,Styx
"Bernard ""Pretty"" Purdie",Iron Butterfly
Anglo Saxon Brown,The Rubettes
Bobby Charles,The O'Jays
Buffalo,Billy Paul
Rufus,David Bowie
Simple Minds,Lena Zavaroni
The Ghost,The Inmates
The Mirage,Quincy Jones (feat. The Brothers Johnson)
Asleep At The Wheel,Blues Image
Los Brincos,Jim Stafford
Johnny Thunders,Nina Simone
Joy Division,Jo Jo Gunne
Gina X Performance,Graham Parker And The Rumour
Fuse,Gary's Gang
Dr. Feelgood,White Plains
Nico,Pat Benatar
Adriano Celentano,Pat Travers
Eulenspygel,Bill Quateman
Judas Priest,Larry Santos
The Tennors,Trooper
Captain Beefheart & His Magic Band,Leo Sayer
Ned Doheny,Albert Hammond
Jorge Ben Jor,Tanya Tucker
Ann Sexton,Ronnie Milsap
YELLOW MAGIC ORCHESTRA,Mark-Almond
The Jam,Rose Royce
The Vibrators,The Cars
Randy California,Aretha Franklin with The Dixie Flyers
Josefus,Walter Murphy & The Big Apple Band
 Fronton FL - WSHE-FM April 29th '79,Exile
Duncan Lamont,New Riders Of The Purple Sage
Kevin Ayers,Roberta Flack
Headband,Charley Pride
The Groundhogs,Reunion
Little Feat,King Floyd
Cortex,Grateful Dead
Sex Pistols,Bobby Caldwell
Nino Bravo,Smokie
Alice Clark,Dionne Warwicke & Spinners
The New Dawn,Gene Cotton
Nimbus,Luther Ingram
Jeff Beck,Cissy Houston
Michael Martin Murphey,The J. Geils Band
Tiger B.Smith,Steppenwolf
Peter Tosh,The Pipkins
Resan,Bimbo Jet
Prime Element,Frank Zappa
Rufus Zuphall,Focus
Lavagnino Angelo Francesco,The New Seekers
Trader Horne,Henry Gross
The Runaways,Enchantment
Crystalaugur,Gloria Gaynor
Van Dyke Parks,The Intruders
Ertlif,Edison Lighthouse
Brenda And The Tabulations,Toto
The Partridge Family,Larry Groce
Richard Hell,American Flyer
Jonathan Richman & The Modern Lovers,Wadsworth Mansion
The Modulations,Tom Petty
Mu,Shalamar
Traffic Sound,Brian Hyland
Billy Bond y La Pesada,Climax Blues Band
Ray Conniff,Chilliwack
Touch,Steve Martin
Lacewing,Paul Stookey
Magazine,Derek & The Dominos
Stark Naked,Edwin Starr
 Cold World,Brook Benton
Jacques Dutronc,Matthews' Southern Comfort
midnight circus,The 5th Dimension
Gene Page,The Tymes
Montrose,The Presidents
Hirth Martinez,Livingston Taylor
The Velvet Underground,The Police
Gloria Scott,Lana Cantrell
EmÃÂÃÂÃÂÃÂ­lio Santiago,"Hamilton, Joe Frank & Reynolds"
Aynsley Dunbar Retaliation,Barbra Streisand & Neil Diamond
RAMP,Elvis Presley
Francesco De Masi,Leon Haywood
The B-52's,Nicolette Larson
The Edgar Winter Group,Tower Of Power
Bernt Rosengren,Shirley Brown
Earthquire,Pure Prairie League
Martin Mull,Gwen McCrae
Funk Factory - Michael Urbaniak,Shoes
Bonnie Dobson,Bobby Bare
Patsy Gallant,Andy Kim
 John,Cindy Bullens
Jody Grind,Poco
OM,Procol Harum
The Walker Brothers,Elvin Bishop Featuring Mickey Thomas
The Sidewalk Sounds,Cashman & West
Goliath,Linda Clifford
Black Nasty,Wings
Wishbone Ash,Smith
Ton Steine Scherben,GQ
Jack Bruce,Stephanie Mills
Eddie Russ,El Chicano
Doug Clifford,Blue Mink
John Moran,Ron Banks And The Dramatics
D.R. Hooker,CROW
Brian Eno,Raydio
Aquarian Dream,Michael Jackson
Elvis Costello,Little Johnny Taylor
Mari Trini,Robert John
ÃÂÃÂÃÂÃÂursaflokkurinn,Betty Wright
Graham Gouldman,Third World
 Ever,The Miracles
Leaf Hound,John Fogerty
White,Stampeders
The Roches,ZZ Top
Carl Perkins,Lobo
John Hartford,Chanson
Dexter Wansel,Willie Henderson And The Soul Explosions
Scherrie Payne,The Supremes & Four Tops
The Beginning Of The End,Orleans
The Human League,Humble Pie
Gilberto Gil,Donna McDaniel
The John Betsch Society,Starbuck
Haikara,The Illusion
Weed,Attitudes
Freedom North,Gary Puckett
The Paul Butterfield Blues Band,Leon & Mary Russell
Peter Green,Bruce Springsteen
Jeronimo,Ray Stevens
Ebo Taylor,George McCrae
Popol Vuh,Eruption
Bob Marley & The Wailers,Frank Sinatra
Chris Spedding,Juice Newton
Cuby & The Blizzards,Al Stewart
Cowboys International,Bob Seger & The Silver Bullet Band
Manolo Otero,Dan Hill
Bruce Johnston and His Surfing Band,Gerry Rafferty
Bravo,Gallagher And Lyle
Geordie,Susan Raye
Barry Crocker,"Ecstasy, Passion & Pain"
Eric Morris,Danny O'Keefe
Max Roach,The Allman Brothers Band
Big Brother & The Holding Company,The Knack
Tommy James & The Shondells,The Sons Of Champlin
Seals and Crofts,R. Dean Taylor
HÃÂÃÂÃÂÃÂ¸st,Paul Simon
Fingerprintz,The Jaggerz
Ablution,British Lions
Streetheart,The Brecker Brothers
Angela Bofill,The Poppy Family
Lafayette Afro Rock Band,Ashford & Simpson
Renato Zero,Johnny Mathis
The Stranglers,Jim Ed Brown
The Freak Scene,Dwight Twilley Band
Gianni Ferrio,Paul Kelly
Rupert Hine,Paul Williams
Wallenstein,The Band Of The Black Watch
The Beat,The Moments
Big Star,Kris Kristofferson & Rita Coolidge
ÃÂÃÂÃÂÃÂzel TÃÂÃÂÃÂÃÂ¼rkbas,The Salsoul Orchestra
Bruce Cockburn,Genesis
CHIC,Dottie West
Juan Gabriel,Dawn Featuring Tony Orlando
Betty Davis,John Baldry
Freedom,"Emerson, Lake & Palmer"
Giorgio Gaslini,Dawn
The Crickets,Billie Jo Spears
Gary Numan,Black Sabbath
JosÃÂÃÂÃÂÃÂ© JosÃÂÃÂÃÂÃÂ©,Paper Lace
 Little Girl,Bette Midler
Roger McGuinn,Blondie
The Johnny Watson Trio,The Band
Web,Ike & Tina Turner
Norman Blake,Bobby Darin
The Deirdre Wilson Tabac,The Sandpipers
Mtume,Peaches & Herb
Kin Ping Meh,Silver Convention
Claudia,Raspberries
Trevor Bastow,KISS
Dillinger,The Delfonics
Trapeze,Deep Purple
Inner Life,John Lennon With The Plastic Ono Nuclear Band
Bobby Shad and the Bad Men,The Manhattan Transfer
 Stock & Barrel,Debby Boone
Family,Loleatta Holloway
 San Francisco,James Darren
Piero,"Ramsey Lewis And Earth, Wind & Fire"
Voices Of East Harlem,Herb Alpert & The Tijuana Brass
Pharoah Sanders,Dire Straits
Ticket,Dr. Buzzard's Original Savannah Band
SÃÂÃÂÃÂÃÂ©rgio Mendes,Wednesday
Jim Rooney,Five Man Electrical Band
Steamhammer,The Shocking Blue
James Brown & The Famous Flames,Donovan
The Soul Searchers,Alice Cooper
Wynder K. Frog,Crown Heights Affair
Quatermass,Bill Conti
The Specials,The Newcomers
Karthago,Stevie Wonder
Donnie & Joe Emerson,Cozy Powell
Michael Nesmith,Freddy Fender
Alamo,Ferrante & Teicher
Caravan,Carole Bayer Sager
Split Enz,The Elton John Band
Quintessence,C.W. McCall
Joan Manuel Serrat,Country Joe McDonald
The Blues Magoos,Little River Band
Atomic Rooster,Shaun Cassidy
Good Rats,Dorothy Moore
MotÃÂÃÂÃÂÃÂ¶rhead,Rupert Holmes
Invisible,Chi Coltrane
Gong,David Laflamme
 Pt. 2,Brighter Side Of Darkness
Vox Dei,The James Gang
After The Fire,The Outlaws
The Brotherhood,Badfinger
Billy Nicholls,The Mamas & The Papas
Lou Bond,The Babys
Blue Phantom,Millie Jackson
Weather Report,Roy Clark
kalapana,REO Speedwagon
Hand,O.C. Smith
Patty Pravo,Billy Swan
Erotic Drum Band,The Jazz Crusaders
Spot,The DeFranco Family featuring Tony DeFranco
Felt,Bee Gees
Bo Hansson,Faces
Missus Beastly,Prism
Archie Shepp,Alan O'Day
Skid Row,Bryan Ferry
Cherrelle,The Flying Lizards
 Pretty Woman,The Ebonys
 Los Angeles,Jeanne Pruett
Alston Jack,Gene Pitney
Pax,Margie Joseph
Writing On The Wall,Looking Glass
Television,Grace Jones
Ancient Grease,"Blood, Sweat & Tears"
Seatrain,Andy Williams
The Master's Apprentices,Donna Summer
O'Donel Levy,Starz
Elvis Costello & The Attractions,Don Nix
Tantra,Love And Kisses
 1975,Melanie
KC & The Sunshine Band,Carly Simon & James Taylor
Pentangle,Travis Wammack
Mr. Albert Show,Blackfoot
We All Together,Dickey Lee
Phyllis Nelson,Amazing Rhythm Aces
Sunbirds,Paul Anka with Odia Coates
Ian Dury,The Rowans
Neil Merryweather,John Williams
Vivien Vee,Boz Scaggs
Vashti,Kim Carnes
Siouxsie and the Banshees,Carrie Lucas
Howard Wales,The Lettermen
Lincoln Street Exit,Mama Cass Elliot
Jean-Luc Ponty,Little Sister
Les Variations,Martha Reeves & The Vandellas
Boulder Brothers,The Rubinoos
Arthur Adams,Latimore
Gianfranco Plenizio,Tom T. Hall
Theo Vaness,Ripple
Far East Family Band,Clint Holmes
Hard Stuff,Sarah Dash
Giuliano Sorgini,Jerry Garcia
Stefano Torossi,Parliament
Klaus Weiss,Randy VanWarmer
Labi Siffre,Donnie Elbert
Serge Gainsbourg,Paul Anka
The Jackson 5,The Friends Of Distinction
Return To Forever,Sonny & Cher
Townes Van Zandt,Dee Dee Warwick
Thirsty Moon,The Gibson Brothers
Little Beaver,Goose Creek Symphony
Colin Blunstone,"Grover Washington, Jr."
Amanaz,Tommy Cash
McPhee,The Ritchie Family
Twice As Much,Jackson Browne
Barclay James Harvest,John Sebastian
Compost,Terry Jacks
Chicken Shack,Freda Payne
Tom ZÃÂÃÂÃÂÃÂ©,Liquid Smoke
Larry Jon Wilson,The Brotherhood Of Man
Headstone,Voyage
Dennis Wilson,Kate Bush
Elephants Memory,Elton John
Alan Parker,Rainbow
38 Special,The Box Tops
 Crazy Eyes,The Rolling Stones
XTC,Marilyn Sellars
Ramatam,Sammi Smith
Hawkwind Zoo,The New Hope
The Sonics,Tamiko Jones
The Pretty Things,Barry White
Chuck Brown and the Soul Searchers,Marmalade
David Crosby,Edward Bear
The Tangerine Zoo,Witch Queen
Barnaby Bye,Ramsey Lewis
The Undertones,Maggie Bell
Wallace Collection,The Dells
Karen Silver,Mavis Staples
Third World War,Blue Haze
Arawak,Blue Magic
Paladin,Spyro Gyra
Jeff Simmons,Johnnie Taylor (The Soul Philosopher)
Oasis,Frank Mills
Kim Jung Mi,Jonathan Edwards
Moe Bandy,Cheech & Chong
Edwin Birdsong,Meri Wilson
 I Love You,Ocean
Prana People,Don Goodwin
Gang Of Four,Silvetti
Sabu,Melanie with The Edwin Hawkins Singers
Greenslade,John Handy
GAA,Slade
 Thrill Me,Eric Carmen
RagnarÃÂÃÂÃÂÃÂ¶k,Donald Byrd
The Tradewinds,Goody Goody
A Foot In Coldwater,Vicki Sue Robinson
The Adverts,Johnnie Taylor
Ronnie Foster,The Buggles
The Modern Lovers,Candi Staton
Kraan,Michel Polnareff
If,Michael Franks
Kozmic Blues Band,Slave
The Bellamy Brothers,Neil Diamond
Joy Unlimited,Nick Gilder
Pete Brown & Piblokto!,Frannie Golde
Roedelius,Alan Parsons
John & Beverley Martyn,The Moody Blues
Sunforest,Steve Miller
Blues Creation,Climax
Beverly & Duane,B.T. Express
Black Disco,Pilot
Suicide,Elton John & Kiki Dee
Grupo Ciruela,Godspell
Fruupp,Queen
Lamont Johnson,Brotherhood Of Man
CWT,Johnny Cash
Alan Hawkshaw,Fred Wesley & The J.B.'s
Ennio Morricone,Crystal Gayle
Left End,Kiki Dee
Curved Air,Meco
Andre Kostelanetz & His Orchestra,Leif Garrett
Jean-Claude Vannier,Linda Ronstadt
20/20,Tommy James
Easy Going,Joe Walsh
Pat Lundy,Maxine Nightingale
Terry Reid,Lake
Duke Ellington,Mary Travers
Romeo Void,Lea Roberts
Jade Warrior,Tex Ritter
Pearls Before Swine,Phoebe Snow
Steve Young,C.C.S.
Ronnie Kole Trio,John Travolta & Olivia Newton-John
 Ontario,Harry Chapin
Azteca,Pratt & McClain
Os TincoÃÂÃÂÃÂÃÂ£s,Major Harris
Billy Hawks,The Clique
Sestetto Dino Piana & Oscar Valdambrini,The Lost Generation
 Darker,Machine
Al Kooper,Minnie Riperton
Banchee,T. Rex
The Full Tilt Boogie Band,Martha Reeves
Pseudo Echo,Bachman-Turner Overdrive
Bill Fay,Johnny Wakelin & The Kinshasa Band
Second Hand,The Isley Brothers
Dust,The Guess Who
Art Ensemble Of Chicago,Shawn Phillips
Jean-Jacques Perrey,Atlanta Rhythm Section
Brian Auger's Oblivion Express,The Nite-Liters
Leo's Sunshipp,Hurricane Smith
Luiz Melodia,Bob Dylan/The Band
Frank Diez,Kenny Rogers
Umberto Tozzi,Kevin Lamb
Buzzcocks,Michael Henderson
Gift,Jerry Butler & Brenda Lee Eager
The Sutherland Brothers,London Symphony Orchestra
Black & Blues,Moon Martin
Van Der Graaf Generator,Polly Brown
Hatfield & The North,Kenny Rogers & The First Edition
Panta Rei,The Raiders
Sparks,Drupi
Daryl Hall & John Oates,Jesse Winchester
Irish Coffee,William Bell
Patrick Swayze,Bill Anderson
The Village Callers,Ronnie Hawkins
Skull Snaps,M
 Say You Will,Wayne Newton
Maze,Hot Chocolate
Keef Hartley Band,Plastic Bertrand
 London / 1979,Artist
My Solid Ground,John Travolta
Tetragon,Donny Hathaway
 Pt. 1,Joan Baez
Poobah,Tyrone Davis
Arthur Verocai,Dave Mason
Brandye,The Whispers
Mel & Tim,Spirit
Legs Diamond,Willie Nelson
Drama,Michael Nesmith & The First National Band
Bragga,Creedence Clearwater Revival
Moxy,Lou Rawls
Wicked Lady,Glen Campbell
Hysear Don Walker,Jefferson Starship
Cluster,Barbara Fairchild
The Jeremy Spencer Band,Paul Anka/Odia Coates
Sensations Fix,The Hollywood Stars
Nil's Jazz Ensemble,Street People
Zephyr,Dusty Springfield
Nutz,Malo
JosÃÂÃÂÃÂÃÂ© Luis Perales,The Bells
Extra Ball,April Wine
Stranger Cole,Jerry Naylor
Howlin' Wolf,George Benson
John Cameron,Rick James
Birth Control,The Independents
John Prine,Rod Stewart
The Equatics,The Assembled Multitude
 Baby,(The Preacher) Bobby Womack
Eugene Record,Ike & Tina Turner & The Ikettes
 Laughing,Bobbie Gentry
Help Yourself,Lulu
Dennis Coffey,Sailcat
SvanfrÃÂÃÂÃÂÃÂ­ÃÂÃÂÃÂÃÂ°ur,The New Birth
Mack Browne & The Brothers,Charlene
Haystacks Balboa,Rhythm Heritage
Pastor T.L. Barrett and the Youth for Christ Choir,The Kendalls
Edge,Rare Earth
The Chocolate Watchband,Boston
Boney M.,David Gates
Spooky Tooth,D.J. Rogers
Dizzy Reece Quintet,Edgar Winter's White Trash
Blue ÃÂÃÂÃÂÃÂyster Cult,Heart
Miguel BosÃÂÃÂÃÂÃÂ©,Andy Fairweather Low
Anita O'Day,Dan Peek
Wire,Ernie (Jim Henson)
 Atlanta,Universal Robot Band
The Storm,Manu Dibango
Steve Harley,Patrick Hernandez
Paloma San Basilio,Waylon Jennings
Yusuf / Cat Stevens,Python Lee Jackson
Dyango,MFSB Featuring The Three Degrees
Tages,"Marilyn McCoo & Billy Davis, Jr."
Fraction,Paul Stanley
Cass Elliot,Peter Skellern
Carl Bean,Afrique
Heron,Al Martino
Milton Nascimento,Faith Band
Buddy Holly,Archie Bell & The Drells
The Dierdre Wilson Tabac,McGuinness Flint
Johnny Duncan,Loggins & Messina
Di Melo,Cooker
Company Caine,Andy Gibb
Little Free Rock,Triumph
Gary Numan / Tubeway Army,Tommy Roe
John Tropea,R.B. Greaves
Steve Hackett,The Jacksons
Erasmo Carlos,The Beach Boys
Usha Iyer,Whirlwind
Edward Vesala,Napoleon XIV
Steve Miller Band,Double Exposure
Vernon Burch,The Marmalade
Gravy Train,Biddu Orchestra
 Don't Go To The Disco,George Duke
Sam Fonteyn,Carolyne Mas
Toots & The Maytals,Lazy Racer
Os Mutantes,Vicki Lawrence
 Sweet Beauty,Ram Jam
The Chi-Lites,Fotomaker
Michael Chapman,AC/DC
Strange,Bob Welch
Lone Star,Rex Smith
Keith Hudson,Jay Ferguson
Lightshine,Justin Hayward & John Lodge
Alain Goraguer,Robin Trower
Lisle,The Dramatics
The Normal,Mel And Tim
 Uh,Jerry Lee Lewis
LORD DAVID SUTCH,Pink Floyd
The Honey Drippers,Billy Ocean
The Flying Burrito Brothers,Dickie Goodman
Lyn Christopher,City Boy
Troyka,High Inergy
Banda Black Rio,Ambrosia
John Cale,McFadden & Whitehead
 Better than Me,Clarence Carter
Harmonia,Otis Leavill
Fuzzy Duck,Roxy Music
Skyline,Bobby Moore
Strife,A Taste Of Honey
Eric Gale,Cold Blood
Ronnie Wood,Arthur Prysock
Aliotta Haynes Jeremiah,Quincy Jones
Cleveland Eaton,Maureen McGovern
Pappo's Blues,The Brothers Johnson
Luv Machine,Deodato
Principal Edwards Magic Theatre,Chris Thompson & Night
Michael Rother,Jr. Walker & The All Stars
The Last,Danny Holien
Kvartetten som sprÃÂÃÂÃÂÃÂ¤ngde,The Grateful Dead
Klaatu,Betty Everett
Pecos,The Sports
The Headhunters,Giorgio Moroder
Budgie,Kris Kristofferson
Kimiko Kasai,John Rowles
Vangelis,Shirley Caesar
Greg Perry,Bill LaBounty
John Fiddy,Paul & Linda McCartney
Eddie Hazel,The Three Degrees
The Fugs,First Choice
Blue Planet,Davy Jones
Osibisa,Les Crane
Johnny Paycheck,The Hollies
Smash,Melba Moore
Mythos,Sweet
 Come All Ye Faithful,The Jones Girls
"Ray Parker, Jr.",Ellen Foley
Eric Anderson,Bob Dylan
The Cure,Bobby Womack
Roberto Pregadio,Lindisfarne
Nucleus,The Walter Murphy Band
Elf,The Fortunes
Scorpion,Jefferson
Odell Brown,Vanity Fare
94 East,Gonzalez
Shocking Blue,Chocolate Milk
Sandro Brugnolini,Emitt Rhodes
Brainticket,Journey
The Only Ones,Bro Smith
Louie & The Lovers,Stealers Wheel
Dynasty,Billy Preston
 My Last,Melba Montgomery
Luis Alberto Spinetta,New York City
Murray Head,The Doors
Pescado Rabioso,Sha Na Na
David McWilliams,Joe South
Willis Alan Ramsey,Roger Daltrey
Chris Hillman,Kool & The Gang
Cozmic Corridors,Lamont Dozier
Rosanne Cash,Carol Douglas
Leo Dan,Manfred Mann's Earth Band
Lenny Williams,Red Sovine
Michael Gibbs,Isaac Hayes
24 Carat Black,The Glitter Band
Jean Carn,Carole King
Midnight Oil,Free
Deuter,Dobie Gray
Out Of Focus,The Rascals
Stone Axe,Nigel Olsson
The Damned,Hog Heaven
John Martyn,Q
Kool Blues,Tom Clay
Patti Smith,Amii Stewart
Parasites of the Western World,Pratt & McClain with Brother Love
Back Street Crawler,Jane Birkin Serge Gainsbourg
Ed Bruce,Narada Michael Walden
David Matthews,The McCrarys
 But I Don'T Mind,The Trammps
ORF Big Band,Joe Tex
Archie Shepp ÃÂÃÂ¢ÃÂÃÂÃÂÃÂAttica Blues Big Band,Cerrone
Placebo,Johnny Williams
Titanic,Burton Cummings
The Electric Flag,Tammy Wynette
Leroy Hutson,Pink Lady
Hawkwind,Mocedades
Miguel Abuelo,Barbara Mason
Iggy Pop,The Peppers
Kahvas Jute,Herb Alpert
Psiglo,Four Tops
Dino Valente,Brian Auger & The Trinity
Tubeway Army,Thin Lizzy
Roy Ayers,Eddie Holman
Ronnie Burns,Steve Forbert
Kleeer,Lighthouse
Buffalo Springfield,Buckeye
Guy Clark,Cyndi Grecco
Erkin Koray,Peter Nero
Tiger B. Smith,The Records
 Gone,Bobby Vinton
The Incredible String Band,Faron Young
Pacific Gas & Electric,England Dan & John Ford Coley
Eugene McDaniels,Johnny Bristol
Rufus & Chaka Khan,Joey Heatherton
Angel City,Cheap Trick
Jericho Jones,Dean Friedman
Art Farmer,Electric Light Orchestra
Gram Parsons,Sugarloaf/Jerry Corbetta
Brewer & Shipley,Chuck Brown & The Soul Searchers
"Hank Williams, Jr.",5000 Volts
Baby Huey & The Baby Sitters,Talking Heads
Pockets ,Deniece Williams
Andromeda,Richard Harris
Joe Chambers,Rufus Thomas
TJM,Bang
Frank Marino & Mahogany Rush,Brenda & The Tabulations
Flo & Eddie,Chuck Berry
The 4 Levels Of Existence,Donna Summer With Brooklyn Dreams
Das Dritte Ohr,Albert King
Mirot,Instant Funk
Chick Corea,The Pointer Sisters
The Raincoats,Janis Ian
Eric Burdon,Flash
Nicky Hopkins,Johnny Nash
,Barbra Streisand
,Cheryl Lynn
,Hot
,Valerie Simpson
,Barry Manilow
,The Doobie Brothers
,Arlo Guthrie
,Frank Lucas
,Night
,Gladys Knight And The Pips
,Fleetwood Mac
,Bad Company
,Karla Bonoff
,The Wackers
,Snail
,South Shore Commission
,Karen Young
,Uriah Heep
,Willie Hutch
,Fabulous Poodles
,Lyn Collins
,Carly Simon
,Sugarloaf
,The Mike Curb Congregation
,Jimmy Buffett
,Chuck Mangione
,Beverly Bremers
,Daryl Hall John Oates
,Rick Derringer
,Cherie & Marie Currie
,Gary Glitter
,Thelma Houston
,Redbone
,Sea Level
,The Stylistics
,The Jimmy Castor Bunch
,Frijid Pink
,Ian Lloyd
,Ian Matthews
,David Cassidy
,Donna Fargo
,Liquid Gold
,Pablo Cruise
,Cher
,Gino Soccio
,Dr. John
,Penny Mclean
,Van Halen
,Commodores
,Toby Beau
,Anita Ward
,Flash And The Pan
,Golden Earring
,Dollar
,Average White Band
,The Spinners
,Kongas
,Pickettywitch
,B.J. Thomas
,David Soul
,Dan Fogelberg/Tim Weisberg
,John Paul Young
,Mighty Clouds Of Joy
,"Ashton, Gardner & Dyke"
,Fox
,Patti Smith Group
,Ian Lloyd & Stories
,Peter Mccann
,Bloodrock
,Bonnie Tyler
,"Crosby, Stills & Nash"
,C Company Featuring Terry Nelson
,Ironhorse
,Daniel Boone
,Wild Cherry
,Bill Withers
,Brainstorm
,The Blackbyrds
,Wilson Pickett
,Brass Construction
,Graham Central Station
,Musique
,James Last
,Foster Sylvers
,Smokey Robinson
,Gallery
,Bram Tchaikovsky
,Eddie Money
,Alicia Bridges
,Cheryl Barnes/Hair Soundtrack
,Delegation
,Judy Collins
,Tycoon
,Rush
,The Goodies
,Diana Ross & The Supremes
,Neil Young & Crazy Horse
,The Fuzz
,The Supremes
,Elvin Bishop
,Olivia Newton-John
,Rod Hart
,"McGuinn, Clark & Hillman"
,Village People
,Three Dog Night
,Tom Petty And The Heartbreakers
,David Ruffin
,Limmie & Family Cookin'
,Cheech & Chong Featuring Alice Bowie
,Roger Voudouris
,Heartsfield
,Mott The Hoople
,Carpenters
,King Harvest
,Jimmy Dean
,America
,Bob Seger
,Dan Hartman
,Bill Brandon
,Jerry Jeff Walker
,Stories
,Jimi Hendrix
,Jigsaw
,Herbie Hancock
,Sonny James
,Bobby Goldsboro
,Oak
,Mickey Newbury
,Ace Frehley
,Captain & Tennille
,MFSB
,Eric Burdon And War
,Brenda Russell
,Hot Butter
,Supertramp
,Donny Hathaway And June Conquest
,Billy Joe Royal
,Warren Zevon
,Mashmakhan
,Crabby Appleton
,B.W. Stevenson
,Billy Thorpe
,Maze Featuring Frankie Beverly
,Sister Janet Mead
,Switch
,Bloodstone
,Heatwave
,Petula Clark
,Delaney & Bonnie & Friends
,Peter Frampton
,First Class
,Anne Murray
,Lauren Wood
,Andrea True Connection
,Prince
,James Taylor
,The Emotions
,Jerry Butler Featuring Brenda Lee Eager
,Joe Cocker and The Chris Stainton Band
,France Joli
,Randy Newman
,John Kongos
,Bobby Sherman
,Red Eye
,Donny & Marie Osmond
,Traffic
,Jesse Anderson
,Prelude
,Player
,Foghat
,Eagles
,The Persuaders
,Grand Funk Railroad
,Sylvester
,Steam
,Sutherland Brothers And Quiver
,Al DeLory
,The Grass Roots
,The Temprees
,Nazz
,Tavares
,Kansas
,Clarence Reid
,Jefferson Airplane
,Belle Epoque
,Mickey Gilley
,The Nitty Gritty Dirt Band
,Janis Joplin
,Dennis Yost And The Classics IV
,Black Oak Arkansas
,Mary Macgregor
,Sly & The Family Stone
,Jackie DeShannon
,Commander Cody
,Dionne Warwick
,Five Flights Up
,Dave Loggins
,Andrew Gold
,J.J. Cale
,Foxy
,Johnny Rodriguez
,The Staple Singers
,Steely Dan
,The Mixtures
,Gene Simmons
,Blue Swede
,Jean Knight
,Christie
,Dr. Hook And The Medicine Show
,Nancy Wilson
,"Bobby ""Boris"" Pickett And The Crypt-Kickers"
,The Statler Brothers
,Mountain
,Lee Michaels
,10cc
,Justin Hayward
,Tom Jones
,Little Carl Carlton
,"John Williams/""Jaws"" Soundtrack"
,Aerosmith
,Gino Vannelli
,Merle Haggard And The Strangers
,Bandit
,Liz Damon's Orient Express
,Al Green
,Daddy Dewdrop
,Robert Palmer
,Don McLean
,The Kinks
,Purple Reign
,The Ides Of March
,Alive 'N Kickin'
,Johnny Rivers
