Lovin' Cup,Triumphs,spotify:track:0sn87X2Ff5gxqTXgNOYjBe
Sleepwalk Powder,Mouth Of The Architect,spotify:track:17PLY4VZ4b9k9r6eojHhKp
The Nature Of Empire,Kenoma,spotify:track:7kSFXdlAtrNHVRRsPvE5B9
1913,Kenoma,spotify:track:4ra2kovzpL06Qut79D7kEJ
The Franconian Woods in Winter's Silence - Version 2006,Empyrium,spotify:track:0Lg9zc2fADhivnwunCw50m
A Gentle Grieving Farewell Kiss,Empyrium,spotify:track:1VwbhfNkBDwVGx215VcTjk
The Blue Mists of Night,Empyrium,spotify:track:4Q3JczaGS1Wf7tINb5r5JI
Mourners,Empyrium,spotify:track:39acI3HSPo0CU7Igzx1z9Q
Where at Night the Wood Grouse Plays,Empyrium,spotify:track:4sPmxC5B7CtIyzg6tCwHNx
Dying Brokenhearted,Empyrium,spotify:track:7LT1vDf4EGNIjvTIidoDYu
The Shepherd and the Maiden Ghost,Empyrium,spotify:track:3zzVd2NqM5MA27xC6UNOyW
Heimwärts,Empyrium,spotify:track:7FaKnRwaXvdvWx1IfosNpN
Waldpoesie,Empyrium,spotify:track:7qK7Kj6i47ARSkNQN5FNfT
Die Schwäne Im Schilf - Version 2002,Empyrium,spotify:track:07ByJJNJuFCC9dqwyJIWUm
Das Blau-Kristallne Kämmerlein,Empyrium,spotify:track:7mV30NHcdpHbNBFGZjvmyz
Der Weiher,Empyrium,spotify:track:2cgspkSNC01U65FXYtu7ZY
Am Wolkensteg,Empyrium,spotify:track:2PVgP7hQxiE3as3dRxATT7
Kein Hirtenfeuer Glimmt Mehr,Empyrium,spotify:track:0bKrEjbXHCgEeWR7KS4L0K
Heimwärts,Empyrium,spotify:track:5opv8Sx4pdliiq1rOWPpOY
Nebel,Empyrium,spotify:track:6X5cFYjF9IwtKkRJS7sSc2
Fortgang,Empyrium,spotify:track:6Okhjh3kZXxf60NxqwAYWg
A Cappella,Empyrium,spotify:track:146pnH9rsrapbs6K0GqO9q
Nachhall,Empyrium,spotify:track:00wVHswyMwKfsSHWyez1Gc
Waldpoesie,Empyrium,spotify:track:3jPfql1p8sgqQFEvC5aaTb
Die Schwäne Im Schilf - 2002 Version,Empyrium,spotify:track:0lUWiMt3hTG8FmdJQ2CriM
Am Wasserfall,Empyrium,spotify:track:7AvZY6CVYszNm0IJ5c5bQ2
Fossegrim,Empyrium,spotify:track:5tAxyQLO8t8wCVue1hxeUH
Der Nix,Empyrium,spotify:track:5MU4B6jH3Z8LvGOJPaI377
Das Blau-Kristallne Kämmerlein,Empyrium,spotify:track:2m4zx8hFqvtfwq8YsyvLx1
Angels of Ashes,Scott Walker ,spotify:track:0euOK1KbPamZVuImITLqk7
Hangman and the Papist,Strawbs,spotify:track:0KW1twBv5GsyVBxC7DLTSV
Fire of Life,Changes,spotify:track:3VnJMGyIcWE11DceKZ7q9z
The Ride,Blood Axis,spotify:track:2MX8LlPViawJihFp9tpW4s
Willow's Song,Magnet,spotify:track:4aZlgGH5DYvx0D5qfOMZH1
Wind That Cracks the Leaves,In Gowan Ring,spotify:track:4VjRsyMPWgteehda8ggBhy
Little Black Boy,Thee Majesty,spotify:track:4HxqfpliNuEi9xPbGcExEE
Voices,Royal Family and the Poor,spotify:track:7nTYKgaIhcbN7m5jZDfPAx
Wyndham Hill,Paul Roland,spotify:track:1WRk4rDvmYw3r8eCYcBZss
Runes and Men,Death In June,spotify:track:0tTzlLzC4g3Ru65pP55c0Y
Playing with the Fire,Ordo Equitum Solis,spotify:track:6HI9bF5L4Z6qNgqRE6Nif6
The End of Day,T.A.C.,spotify:track:7iWpl91uf8x9AEbKqPKQf0
Love's Promise - Remix,Sieben,spotify:track:3M8vYjAa1B59RcuzjOWyXO
"Ride, Rune, Ride",Mother Destruction,spotify:track:6bcLT3EYV0ht2FnDAkmdWl
You Forget to Answer - Live,Nico,spotify:track:5knuPHcR8xOa7heSJYcoaz
Henbane,Agnivolok,spotify:track:5I2kStfMDaCzbZI3rQpuhx
Nomadic Man,Sorrow,spotify:track:1rlyiz7nFX7n8ZpPRc8A0z
Looking for Europe - Against the Modern World Version,Sol Invictus,spotify:track:1LXUw4pTRKFYmAGPoiYKbY
Stolze herzen,Ernte,spotify:track:6RUMsMMTxF2WhRQSbS3tSu
"Unser die Welt, trotz alledem",Hekate,spotify:track:0IqQJV6SYI9qcFKVYLkXq2
Stille,Orplid,spotify:track:13UYdgIOIR4i6AShvRZagY
Der graue König,Forseti,spotify:track:6tkDPo98j6DFAINTkeMwBe
Der falken Flug,Darkwood,spotify:track:7M4BPqFxJTh6XsN7Su1ItQ
The Miscarriage of Paradise Regained,Ordo Rosarius Equilibrio,spotify:track:4eorR6PGX3qsmud3JaGBZF
Erinnerung - Live,Kirlian Camera,spotify:track:6JjCk769vXKMVLdrIbVMwR
Desire (You Know I'm Gonna Leave You Soon),Leakh,spotify:track:0yduy9Ue7rj5JJ92JOZd2U
Predictions of Fire,Laibach,spotify:track:6gDDyLl4n542EkyzUgcDMA
Have You News of My Boy Jack,Andrew King,spotify:track:54MtAZW6hcobF2wGCtnOAw
Arddyledog Ganu,Test Department,spotify:track:3D1FcrW5MvZYZpm2UvE2Vk
Il trionfo di bacco e arianna,Camerata Mediolanense,spotify:track:0WfRAGH0FvwwiTrBhL195M
Filava melis (il silenzio),Argine,spotify:track:6tzIxDPnFMv9vAZ6BdGu7h
Filava Melis,Ataraxia,spotify:track:4FPsd1ycEjhuPIJU83mp0C
Hel - Goddess of the Underworld,Hagalaz' Runedance,spotify:track:5SGWKUuXPzzbrDWs4luit7
Ornament,Werkraum & Lady Morphia,spotify:track:1BSoR4Mb6s9BhR2xGGImBY
The Blank Rune,Sonne Hagal,spotify:track:2cO2HCPt74hhncc9CD3S64
My Devotion Will Never Fade,:Of The Wand And The Moon:,spotify:track:0Rz6UsroFEUpwWY29JcprT
Untitled,Der Blutharsch,spotify:track:3WWmFSgEqSm5cLdMrDWGCm
Black Sabbath,Gaë Bolg,spotify:track:0H6FZ8t2PXj0IHYSSBkV1f
Resurgence,Regard Extreme,spotify:track:0GCUo3pHbzjYRJvA5sayNw
Passion,Scivias,spotify:track:0vnCdnoWS098WRuwaPAFK3
Uljanov - Live at Trafalga Studio Roma 2004,Ain Soph,spotify:track:1X67wBvbjkfwa8niE8etpK
Total War - Live,Boyd Rice,spotify:track:2baa28XUABR2DRudTYOlP7
Dragons in the Sunset,Fire + Ice,spotify:track:6fu4aRt0Tiu6mmmTNAfY3G
Horizon,Lux Interna,spotify:track:7LuekEYwDL47X4kxp0vGPw
Weilawei,Romowe Rikoito,spotify:track:4Re1Fvbi6ec1JAjuPy7jPx
Transsylvania,Ostara,spotify:track:0B0ctmNHOS6OlU4u0WmASt
Tanzt die Orange,Allerseelen,spotify:track:5KtYGSQbA2cEBykKtro4dO
Wolfsstund,Émile Waldteufel,spotify:track:1ujy0GjZ34f7FDBa1jAxSe
Kielo,Tenhi,spotify:track:1GSvXZ4c28wDbzf5pAsC5b
Die schwäne im schilf,Empyrium,spotify:track:1nZv7JferYgp7nEGl6Am0o
Vastakaiun,Tenhi,spotify:track:1vsYqDQ1EAcJbjG085XlZk
Cover Me with Your Eyes,Blazing Eternity,spotify:track:4kdv0M5jxIAqL8pIeob4Jo
Horror of Antarctica,The Vision Bleak,spotify:track:1OVLJVKxT3SgtxfCvjhd6H
Expire,Antimatter,spotify:track:4UDUEjY7SNKoeD6Sj0911j
Interim,Leakh,spotify:track:18ZP2aVtrjS0ZezS4celU7
Slave,Autumnblaze,spotify:track:1oVcxPeqINxZh45sEtoYL6
Heimweg,Ewigheim,spotify:track:2McEHSyZXm43jHiv6dEqeo
Waldpoesie,Empyrium,spotify:track:6HOySWberOFZcfigINwP5w
"Light of Day, Day of Darkness - Excerpt",Green Carnation,spotify:track:1bEH26la4grOOHYDa4VU9c
To the Silent Waters,The Vision Bleak,spotify:track:0zCzNduQRWADNhOEictZyQ
Bleak,Autumnblaze,spotify:track:5zcOAy4U0p2stOSK8NzugZ
Schwarz schaut tiefsten lichterglanz,Dornenreich,spotify:track:0Ls6MnwtipyJSzMK6Cs76S
In Un Cielo Di Pece,Canaan,spotify:track:4bBXNSE1PFYXIOiRPdS9ns
Dose Dager,Naervaer,spotify:track:2eERyBlqFWo0Uz8hXAhPVm
Das 4. Tier aß den mutterwitz,Bethlehem,spotify:track:3vcmNqTYFsXgVlEJEANESJ
Söhne des ares - Version 2002,Orplid,spotify:track:00JMpHmK0QPjejvv71tbaZ
Neunter November,Sun Of The Sleepless,spotify:track:76yk98IfyVizAwE5qnvCAb
Lauluni Sinulle,Tenhi,spotify:track:4obpk10J0doLoIRR8DQJdZ
How Futile It Seems to Sow,Paragon Of Beauty,spotify:track:0ey9SKSkNea5vZpXJJPpDg
Dots and Lines,Leakh,spotify:track:7dM8V6CBTgujp3tc9YOrO3
Where at Night the Wood Grouse Plays,Empyrium,spotify:track:4DfBci01RRwW7sAE023ha9
Of Times and Unknown Waters,Blazing Eternity,spotify:track:1wjs1k1XXWXrVihbZn62Fq
The Gale,Insomnium,spotify:track:5bqaRlL5uVIJ6AY12F3UT5
Mortal Share,Insomnium,spotify:track:47Dypa9yAYjZoXG58lgPyg
Drawn To Black,Insomnium,spotify:track:4VTUikD91M6Pyipb9tjdSj
Change Of Heart,Insomnium,spotify:track:6xQFyLIqKcTBvC5pupRKqk
At The Gates Of Sleep,Insomnium,spotify:track:1i7zBZKaUrqHJxtJ7s9DR1
The Killjoy,Insomnium,spotify:track:0eID4ZqGQ5fDtrFG6eTiMh
Last Statement,Insomnium,spotify:track:3QZi2CDiV38DpAQ5aiXHu1
Devoid Of Caring,Insomnium,spotify:track:6xPwcnwKGZfeLxCHMtbVhu
In The Groves Of Death,Insomnium,spotify:track:6Kyd5sJJZc7LoiesGQwZfJ
Nocturne,Insomnium,spotify:track:2J8Zd6HdGLbfl1N1P7n94D
The Day It All Came Down,Insomnium,spotify:track:0EysmaJFceMjCDzubCJov1
Daughter Of The Moon,Insomnium,spotify:track:29YEj105yMqaC2YYCHmgbb
The Moment Of Reckoning,Insomnium,spotify:track:7KvQNFTJCxW533gR3DA46b
Bereavement,Insomnium,spotify:track:4gmO6g7WCisb1lGvHwK549
Under The Plaintive Sky,Insomnium,spotify:track:0UEuK2oNuuOiTpqfQlHgxK
Resonance,Insomnium,spotify:track:6waSFPYZcCox2L3WSeCpoj
Death Walked The Earth,Insomnium,spotify:track:4mLuHHeu7kSBpBeulg1o71
Closing Words,Insomnium,spotify:track:4q3ipaIE9VEzDir22fcUtR
Disengagement,Insomnium,spotify:track:4paOuS0lOZGFDGInnhHMPi
Song Of The Forlorn Son,Insomnium,spotify:track:6dxLt3vBXzpyN4D4y60lSM
Ill-Starred Son,Insomnium,spotify:track:7mm5hPAQAIHt0ffaJcExcj
Song Of The Storm,Insomnium,spotify:track:5chLwoVNt58HidL8q8LMYx
Medela,Insomnium,spotify:track:0Ie0ISdzVnbokQ84YHPao0
Dying Chant,Insomnium,spotify:track:3WvZPa4ru2Hqj1URSQFrX0
The Elder,Insomnium,spotify:track:1oIlxw9Fr4kcl7pKM4zqoU
Black Waters,Insomnium,spotify:track:4flbiWYW31rirDn9Z60ig9
Shades Of Deep Green,Insomnium,spotify:track:4uHyRXKgZrhvEprklDmyk5
The Bitter End,Insomnium,spotify:track:7fQjGaSY2YAPKUoHzdJFFE
Journey Unknown,Insomnium,spotify:track:0htSYA6CuUuOJvJGNtlYhP
In The Halls Of Awaiting,Insomnium,spotify:track:4sOncFnjsaWsNgSWMHsPPS
Turn the Tide,Sylver,spotify:track:4azZaCXcKXTsmA0SAKm0ST
Skin,Sylver,spotify:track:17VMtRyQ1ERjNOLu4giT5u
Forgiven,Sylver,spotify:track:073smgRh7xqAr610e3yvtX
Forever in Love,Sylver,spotify:track:21BuVuUiV4CAdiyDhylFhS
In Your Eyes,Sylver,spotify:track:2RpXJ4FnolrDw9kfSJSiaB
Living My Life,Sylver,spotify:track:0Im0hoqqNSK5iZw8CFg5ht
Why Worry,Sylver,spotify:track:3FdNYfNjjQSzOaK2KntoM1
Shallow Water,Sylver,spotify:track:0WHhRdlW8fdx4QOsF3wGjR
Wild Horses,Sylver,spotify:track:5NokON5KvyIJ7AhcW3zhL5
Love Is an Angel,Sylver,spotify:track:2dc1IEd4KX8hTq1JPgXjS7
Make It,Sylver,spotify:track:7FHf1JTAvatSTn9MRSFb4C
Take Me Back,Sylver,spotify:track:3Nm0tOuYvAcH0s5OiwAV4x
Lay All Your Love on Me,Sylver,spotify:track:3tHqparnzstWeJJOzaDS09
Half as Much,Sylver,spotify:track:3IzwCKN45jPrOskqxse7Is
he Strums,The Dodos,spotify:track:0A5lU6oXYzurEsQ5GusCk4
This Is a Business,The Dodos,spotify:track:1lOil9IqK4f8mupl283sPZ
Two Medicines,The Dodos,spotify:track:4kLrfC4cfOWUmXSGhCZ8bU
Troll Nacht,The Dodos,spotify:track:3j0dO7eOpdT1L9DTApTDxC
Acorn Factory,The Dodos,spotify:track:5BS8YYd9QI9G4qCkcF7cOI
A Time to Die,The Dodos,spotify:track:46YuoFAyHvOm1Xj4sRgd6d
Small Deaths,The Dodos,spotify:track:2gZdya4YKXfwl4tpzNGb8d
Longform,The Dodos,spotify:track:1KMiPBYdIfWG7sgsNEiWbB
Fables,The Dodos,spotify:track:710OZxWApuFYldsBURfwdd
The Strums,The Dodos,spotify:track:6lUpW93AMXw9DpxuJnnMXF
This Is A Business,The Dodos,spotify:track:2ta52uxqRI8E3jFaW0BFz2
Two Medicines,The Dodos,spotify:track:0y7iMTuidGUzn9wZB6Vhne
Troll Nacht,The Dodos,spotify:track:1It4CGZoRuaiAbn5QByHBn
Acorn Factory,The Dodos,spotify:track:11pUWy0d0mTP29VQzddk6h
Time To Die,The Dodos,spotify:track:3NLce6HBoXYUanJjzP0plS
Walking,The Dodos,spotify:track:4pfPlPiIvAwk4HpIIlurJV
Red and Purple,The Dodos,spotify:track:3Br0oTgMhvH0HtoUPAnJd6
Eyelids,The Dodos,spotify:track:7ps6Gb1AJk3iSOTO4riS6T
Fools,The Dodos,spotify:track:5smcDiDFiJSXGCuIbLUnp7
Joe's Waltz,The Dodos,spotify:track:2C1IDJAuEpOqGu0GuOx0Sk
Winter,The Dodos,spotify:track:5RJKEaa4DH7kA6yLWSt1gI
It's That Time Again,The Dodos,spotify:track:5eSp2X5DXwo9oZCaadgmKJ
Paint the Rust,The Dodos,spotify:track:2rS4J2F7ejefkj1hjAeyoj
Park Song,The Dodos,spotify:track:1BEnwzp94knIFrzoaUWrZ9
Jody,The Dodos,spotify:track:7uaqqAxpHIN8PnVhCKX4Mh
Ashley,The Dodos,spotify:track:4zPhXK4NYgCs3BRavyCMUz
The Season,The Dodos,spotify:track:49sNS9T1WqZS2HDzytThWb
Undeclared,The Dodos,spotify:track:2CiURLaqtoY9qCkpLG18o5
God?,The Dodos,spotify:track:4f5lTljGvAn8kKzDBZagAa
Walking,The Dodos,spotify:track:1DHGfUv3FNoFZ6yThAO77f
Red And Purple,The Dodos,spotify:track:0FYEtNnzvSEmjkRW5pjkMO
Eyelids,The Dodos,spotify:track:6nUaLL1C57HKjT5S9xBv78
Fools,The Dodos,spotify:track:2HP3ePEj4jFOAwxdpwT1xb
Joe's Waltz,The Dodos,spotify:track:1lR1N7rTqNHJBbcxrBa21I
Winter,The Dodos,spotify:track:2QAx2ZEsXGwzu3IO53G7cL
It's That Time Again,The Dodos,spotify:track:7308sGPzXU2wmAGZh4zahF
Paint The Rust,The Dodos,spotify:track:4Bp5gsbIWCBmosrG6zf7Yw
Park Song,The Dodos,spotify:track:0ss9usGZ4AWoqky0q68vqv
Jodi,The Dodos,spotify:track:2jzWRR9ZufGGO3Nnz8Oagj
Ashley,The Dodos,spotify:track:0BblVASVVx9whbmOBl0YqF
The Season,The Dodos,spotify:track:0xQpvCL4X6cVYB5WgGDPM6
Undeclared,The Dodos,spotify:track:74lOFKyzUJz0pz1TCcECjf
God?,The Dodos,spotify:track:4KgLEg8HsgVJBpa6SsJeNM
Walking,The Dodos,spotify:track:0b05H1iP6hdx8ue7XQlC5J
Red And Purple,The Dodos,spotify:track:3knapxsYqgS66EPIBLX6JJ
Eyelids,The Dodos,spotify:track:7iq5xHqVUcd2arm6fc2FAJ
Fools,The Dodos,spotify:track:6YvAO2lwuLVmSKRXV98b9M
Joe's Waltz,The Dodos,spotify:track:5ooZV7sNtlPXI3S74zRQD1
Winter,The Dodos,spotify:track:0jfIJ3sb3cCsptNqUdqoaa
It's That Time Again,The Dodos,spotify:track:2sUFsrLfJJkrUcbZSAn4gk
Paint The Rust,The Dodos,spotify:track:3FkY01QTmIqZKgKX5dOnJ0
Park Song,The Dodos,spotify:track:31jABS7CSe7nxxigjCO2Ul
Jody,The Dodos,spotify:track:48QkFsxKGYCGEKYFLuGuwB
Ashley,The Dodos,spotify:track:43gQOSVXgCSjQ6zYD861qP
The Season,The Dodos,spotify:track:5bmckclk6SarpAS5cIepKT
Undeclared,The Dodos,spotify:track:42WZxF82g8aXTSyO8Dmqii
God,The Dodos,spotify:track:52Pii4ZKFK7Ry2o6RVP4vZ
Trades And Tariffs,The Dodos,spotify:track:0XfzEkO96Ql21YkmbUZ9Hd
Neighbors,The Dodos,spotify:track:63RY2xkU9N1WCokIX54HkK
Men,The Dodos,spotify:track:4TSLONJehEvCjmhkKSMLTl
Horny Hippies,The Dodos,spotify:track:57HwKH3pHLeelTkckr94qf
Beards,The Dodos,spotify:track:0WuAs5yVrITgUXIkjFeySC
The Ball,The Dodos,spotify:track:4QCCXRt1hQYcUAUW1t8cms
ark Cell,Deadlock,spotify:track:28RtiV75sbhXn9bZNwfS2k
Grown Of Creation,Deadlock,spotify:track:3JDbNcCA0sqls4hQCKY8ph
End Begins,Deadlock,spotify:track:2ZmxY2YOMrQ8g9X3V8tIDj
As Words To Bullets,Deadlock,spotify:track:21kMltuzGEVzSmAcmjU7jW
Praeludium II,Deadlock,spotify:track:0wX4ZwkIv98PK7gNJPeqoc
Bloodpact,Deadlock,spotify:track:1UNRhRoL1uLYSqpGSzlnlu
To Where The Skies Are Blue,Deadlock,spotify:track:76aLpTbBa9pTHyL3vdnES0
Demonic (Tonus Diabolus),Deadlock,spotify:track:4F8rbKBaNu0inCIystU2ju
10.000 Generations In Blood,Deadlock,spotify:track:5o7E2UJpqGahlyFaBBAyeX
The Year Of The Crow,Deadlock,spotify:track:5Hg8UCvYCtIQvt4jqNPw1G
Everlasting Pain,Deadlock,spotify:track:2vQzvDxotibmvYg3DGN2Wf
Earth.Revolt,Deadlock,spotify:track:2txGXwDllknrXj5uFH997S
More Tragedies To Come,Deadlock,spotify:track:31gK8y7HkwVcEfVDWls4GA
Awakened By Sirens,Deadlock,spotify:track:3Ef9EURm3wVB7mAJH2jMkw
Kingdom Of The Dead,Deadlock,spotify:track:7wZrDcWgAos3WDUUS7avnm
May Angels Come,Deadlock,spotify:track:2ICBziyOrg0rWUl9AsANqn
Harmonic,Deadlock,spotify:track:46nmh8aVXjsi3PabmIdC0m
Clipping the Church,Epic45,spotify:track:7lrEqG6pcGshKZ8EXw5r5R
Rain on Rooftops,Epic45,spotify:track:5uZOr3R0BYU3GX1GrJMKAZ
A Clear Day,Epic45,spotify:track:3ZKcP8WJze6yNabUM7Be0j
The Balloonist,Epic45,spotify:track:1PpAcSH0h92SB8iXYRj9dC
Autumn to Winter,Epic45,spotify:track:311EK75MB6OliMq8wfzIyl
Shadowed by Trees,Epic45,spotify:track:7GTWwo9u3aO5qHo5SuUOqI
Summer Green Corridor - ISAN Remix,Epic45,spotify:track:0re5dYEShJQjPbtjw52BHV
Stars in Spring - Televise Remix,Epic45,spotify:track:1FA48y3dFQL7gjvtPRHtn1
I Can't Watch This Place Decay,Epic45,spotify:track:33TRz7S8d2x50Vrd1Y79zi
May Your Heart Be The Map,Epic45,spotify:track:6gIRSv5YE98z15T3D3YHeD
The Stars In Spring,Epic45,spotify:track:71TryCkZDhMNE79DwML9P9
Summers First Breath,Epic45,spotify:track:0yf9vCDHoR3aR8iiT2booq
Forgotten Mornings,Epic45,spotify:track:0vZPHAfX0TQJejcIciuz3Q
The Stars In Autumn,Epic45,spotify:track:4Slko5e6RrHnnsNUm2DhGQ
We Left Our Homes For Winter,Epic45,spotify:track:6dOp2RusI8ZN1vyL5tzEJ7
Lost In Failing Light,Epic45,spotify:track:2hhAdUniMgk9nPztUJzAGy
You Are An Annual,Epic45,spotify:track:17PQ9myJThCeEtw9CX2Psl
The Balloonist,Epic45,spotify:track:24mh2PSR8BhrwRXsgY7HK2
Winterbirds,Epic45,spotify:track:6xlBDopktkqqXZI8zxcf2k
The Trees And Lanes,Epic45,spotify:track:64l63wF7CI6sEHlKV4CEd6
We Grew Up Playing In The Fields Of England,Epic45,spotify:track:4ozwOyqYwUlcN1looVQ339
Inland Lakes,Epic45,spotify:track:1IgMCYrLzqX12AdCzxk9co
Slidin' on Your Knees,Epic45,spotify:track:07omTIR2EievoD44LWUOb2
Looking Down a Hill,Epic45,spotify:track:04fy5K0wQvAU1H64kCDBs0
(Re) Sculpted by Winter,Epic45,spotify:track:2kWgpa7tWm1848dQLsod62
History vs the Future,Epic45,spotify:track:4r8lA85v1ODef7RIM4Ud07
Between Woodland,Epic45,spotify:track:0VOlJbLTxaSPLLHNIUbF4h
An Afternoon Ahead,Epic45,spotify:track:53Bq0ScNvUvBAYPcxIJs3G
The Blue of the Sky,Epic45,spotify:track:7ujWy9LVTMKG3gZD3dSwiZ
Leaving,Epic45,spotify:track:1FjNKSSJtNeODCPOWAhNgZ
For Virginia Astley,Epic45,spotify:track:7IMqajgAdbnLQYY3bNiUHk
Daylight Photography,Epic45,spotify:track:622zeErY0vkr93cAPSIooI
Roads and Paths,Epic45,spotify:track:6bm1Tmq7vqZ1g0N0R8fG4y
Nearly Home,Epic45,spotify:track:1XtF7ayNye74zCPOPovSDy
I'm Getting Too Young for This,Epic45,spotify:track:1Gpan753eiE8FdKzA6XYDj
Programmes for Schools,Epic45,spotify:track:4oQ5HEhDaKUcovaIiA0E4l
You Said Nothing,Epic45,spotify:track:2PvEA7AhhmPc122axi8xUn
Barn Diversions,Epic45,spotify:track:0iYM4bKoCl3RhdevEHSC6r
Where the Holidays Went,Epic45,spotify:track:7iVcsRbCkd8oz8xOv6iymz
Sculpted by Winter,Epic45,spotify:track:2U2HSrNJFKzFxMxCHRWqwn
The Water Tower,Epic45,spotify:track:6ENZNFMsLCC9zYto27wfvb
These Dead Years,Epic45,spotify:track:3n4kd0Fn8LojNQOdcryYO5
Against the Pull of Autumn,Epic45,spotify:track:163R326Dzy0IUXgzuAMJUy
"Where to Now, Captain?",Epic45,spotify:track:4DjqMiidRL9qNn4uOzTGmh
Secret Maps of England,Epic45,spotify:track:7Amw1H2E2hAhnHhTSXqMKn
River Traffic,Epic45,spotify:track:4L9RlhtY8F1OUeNHKuKJPW
Do Nothing Until You Hear from Me,Epic45,spotify:track:1mdXJLuXIVFbW2UwZc4S4x
A Song for Seasons,Epic45,spotify:track:2WkvSBvIJmd0bxSF8DWhuw
August Passed Away Unnoticed,Epic45,spotify:track:6UgG9rVpszVs9ai14A4mhL
Low Tide,Epic45,spotify:track:4cGVhcy1olZo2yATwQx1hA
Remote Canals,Epic45,spotify:track:0RzFIxQKILVHEfKOfb8QLJ
"Like a Crowbar, Humour Separated Us",Epic45,spotify:track:18KmyqiOSoT7yHnN0JXcyU
For Painters of Scenery,Epic45,spotify:track:6cnl7WEAVS5cNGX4DPtUWQ
A Forlorn Reminder of Better Days,Epic45,spotify:track:7k7llfFKKG2EY5m3v2QPAt
Estuary,Epic45,spotify:track:5fKKn3evnG7I8B7rbUSTcr
Shorebound,Epic45,spotify:track:6heF2eUVxvAqlV9iSBtXC9
"Don't Just Go, Invade",Epic45,spotify:track:2T7mI2x76kfnPHv743kwjJ
Panama,Epic45,spotify:track:6RdwLO7gGI79jtZG6c3f6k
Late Summer,Epic45,spotify:track:1vnqRyvUI4738wEsqzLIOG
August Passed Away Unnoticed,Epic45,spotify:track:0yj2lpkm3qJOPIAWzvtf8R
And on That Night She Left Me,Epic45,spotify:track:1TC9AXHeexJhi8YIPM0FzK
Early Autumn,Epic45,spotify:track:5MGJtQdfsqROA4GZgcl1t0
Why Didn't She Send a Postcard?,Epic45,spotify:track:4qnSJEQYxUoKzIXlnAtLmP
Monk's Walk,Epic45,spotify:track:7BEj1pEGqhhvG9pgXMMg36
Words Became Untruth,Hatebreed,spotify:track:13uSY8ULCB0ksMEQ1VyeX5
Undimished,Hatebreed,spotify:track:2HNpPyw0i52B6GMn3eXNlN
Merciless Tide,Hatebreed,spotify:track:0d4RiIfRk9LkDqJuyRdrun
Pollution Of The Soul,Hatebreed,spotify:track:3FD4aH93JrfAcoeFanZLlc
Escape (new Diehard Edit),Hatebreed,spotify:track:3IRIeXLOhmYPAUy7HzPNIW
Lay It All To Waste,Hatebreed,spotify:track:5mICyE6FOEUdHQu8s9EBqp
Preservation Of Belief,Hatebreed,spotify:track:6gK1IHAisK3gqrsktIW0KZ
Ghosts Of War,Hatebreed,spotify:track:2FSpW1kZV2n4ESgdW4DTdO
Suicidal Maniac,Hatebreed,spotify:track:7sXW4wovP5xZisrm0eYY1h
Escape,Hatebreed,spotify:track:4zLQUU6ExNUkLeYq8Kpv8F
Hatebreeders,Hatebreed,spotify:track:2w5z0izEzfc9zGXlhLVGje
Set It Off,Hatebreed,spotify:track:7CrFnmaHma6mepZMRCNQkG
Thirsty & Miserable,Hatebreed,spotify:track:3g5RwbT4NCeRVXUf6zjcRQ
All I Had I Gave,Hatebreed,spotify:track:5pITkh2U88A9EmIX4vriiT
Your Mistake,Hatebreed,spotify:track:4yUFbVVHd13bUfyfSP0EQq
I'm In Pain,Hatebreed,spotify:track:17zagL7XNTL1OgHWwp3xG5
It's The Limit,Hatebreed,spotify:track:1obFEblVUZf87NKiWuSXhi
Refuse / Resist,Hatebreed,spotify:track:1SD20qNaqRRi36EmbVu11T
Supertouch,Hatebreed,spotify:track:0uoCbZZ5crE46cLXOqyKrA
Evil Minds,Hatebreed,spotify:track:0uuGgAeDKDO6ltPak5fCqe
Shut Me Out,Hatebreed,spotify:track:0WWQwjhrpl4vjjeY8UyK75
Sick Of Talk,Hatebreed,spotify:track:0OKovkkaAxB0DFUyhhedqT
Life Is Pain,Hatebreed,spotify:track:4dhMIf5xFpjNQScxBrGsiq
Hear Me,Hatebreed,spotify:track:2vfOqRLiD7AltdlkAoX6eL
Boxed In,Hatebreed,spotify:track:6NYA9N9XxWSwW1XKvfYV90
"I, Spoiler",Hatebreed,spotify:track:1Eww4bBkdW4XUSBDaI1a9x
To The Threshold - Live In Dallas,Hatebreed,spotify:track:4i4sy57iRinvI26Jr1skCd
Destroy Everything - Live In Dallas,Hatebreed,spotify:track:31RqK8Wl8OJ09AVIr04HsZ
Defeatist - Live In Dallas,Hatebreed,spotify:track:4tHO3wtvX16OQ6kqOJB6AP
The Most Truth - Live In Dallas,Hatebreed,spotify:track:1UrP23yTBAF5IC4psbcDwO
Ghosts Of War,Hatebreed,spotify:track:1l0Jr22RHLpVii7sZl7tqZ
Suicidal Maniac,Hatebreed,spotify:track:3nGXOEavzvldImWHnHY3Fc
Escape,Hatebreed,spotify:track:332h9VHw6yRCNiHOJj7Ejb
Hatebreeders,Hatebreed,spotify:track:7m1WhAT6sKnUEJLfFfpX29
Set It Off,Hatebreed,spotify:track:6dEJYj0gPK3bduyqp5ebY4
Thirsty & Miserable,Hatebreed,spotify:track:4m7aqYzpv7Pl150n5rV0FQ
All I Had I Gave,Hatebreed,spotify:track:1oPXwQRDDcoY6giuurdKPn
Your Mistake,Hatebreed,spotify:track:1qP6DAkKw6FprZvONhYdh3
I'm In Pain,Hatebreed,spotify:track:4GKXnUrBbAGAyKJ7UQnxF1
It's The Limit,Hatebreed,spotify:track:1WROUEU6RtUl6ZsMofFWoG
Refuse / Resist,Hatebreed,spotify:track:4QH8LbhiZAdYZNJBo1l4oJ
Supertouch,Hatebreed,spotify:track:0ua4EyMkzuh3ieDaE1DZOR
Evil Minds,Hatebreed,spotify:track:1aZZDa14x8Dro6RgJHQjen
Shut Me Out,Hatebreed,spotify:track:30YswAQQXvPcenAk0TtaMa
Sick Of Talk,Hatebreed,spotify:track:67TMcBhFx2AWW3pxvpSlEt
Life Is Pain,Hatebreed,spotify:track:1IQ8vJiY8lesceDWMoyECM
Hear Me,Hatebreed,spotify:track:3QG6x5xZ3SZtLHep70mv4Q
Boxed In,Hatebreed,spotify:track:3Ppqajmsr95ku0sVqKUlCP
Defeatist,Hatebreed,spotify:track:7zFfiVC2uZZMbCLw48kZYQ
Horrors of Self,Hatebreed,spotify:track:25Xrmh6wbCC1YhIdatVR3a
Mind over All,Hatebreed,spotify:track:0b6Wr6UIFTTNVTWLvM1GGB
To the Threshold,Hatebreed,spotify:track:3y2p2XXpgw5QHxKmokQEHQ
Give Wings to My Triumph,Hatebreed,spotify:track:3DEjVmWhOlAtllj40WvFLf
Destroy Everything,Hatebreed,spotify:track:501CSzS4gwNOJnlWHuBt9r
Divine Judgment,Hatebreed,spotify:track:3M4pZZQSvHVFx6kow3eUFr
Immortal Enemies,Hatebreed,spotify:track:0LIHG8FQtUnmpfZhKSp47B
The Most Truth,Hatebreed,spotify:track:7o2bL38mnXJl2nXLDdPA53
Never Let It Die,Hatebreed,spotify:track:4T8NiYJM5SNAOW4SMH1SYh
Spitting Venom,Hatebreed,spotify:track:1hE0gh3T0QabjHGpeOBGPt
As Diehard as They Come,Hatebreed,spotify:track:2nEql85VIJw8u0Siw3bdBu
Supremacy of Self,Hatebreed,spotify:track:6bK4GFide1O4p6U1aoCfnl
Tear It Down,Hatebreed,spotify:track:6PEhUmbacDCjUtEXR57UkJ
Straight To Your face,Hatebreed,spotify:track:0P3e0g9mt4ScKEk9HOAtwb
Facing What Consumes You,Hatebreed,spotify:track:59Tno2hdxzLtS3LfC4UXui
Live For This,Hatebreed,spotify:track:1gAnkMMUmxGxlRU4CnErpy
Doomsayer,Hatebreed,spotify:track:6XklrgKCbifSDhGU158NYB
"Another Day, Another Vendetta",Hatebreed,spotify:track:2ZylqEZBRgw34AtxjlWkK0
A Lesson Lived is A Lesson Learned,Hatebreed,spotify:track:0mrScDkYYm6fOmCYF4XjSk
Beholder of Justice,Hatebreed,spotify:track:6EJufSFbSZoRsR1LkbYZTP
This Is Now,Hatebreed,spotify:track:0qsCUtR8MJe5sDApb5pfgg
Voice Of Contention,Hatebreed,spotify:track:5WsDdNHAZYqfJSVrTdDYeI
Choose Or Be Chosen,Hatebreed,spotify:track:0DsKrGjjpgAs2Y1LF5Cx8J
Confide In No One,Hatebreed,spotify:track:3rBS8YOuh3dcyygmaVtfPB
Tear It Down,Hatebreed,spotify:track:38z0zMJfF2pcB4tAzR7Wi1
Straight To Your Face,Hatebreed,spotify:track:0dKB4cHaWH5jamDD1xSXfU
Facing What Consumes You,Hatebreed,spotify:track:1KCXcyFDR7CnrRvpeQTQkY
Live For This,Hatebreed,spotify:track:49hkb4wi7CMl875Ry4dv2V
Doomsayer,Hatebreed,spotify:track:0EyPaMQ37xhE4a3D8lLNXz
"Another Day, Another Vendetta",Hatebreed,spotify:track:1eLBZjiTgpGzq74ywMdiHQ
A Lesson Lived Is A Lesson Learned,Hatebreed,spotify:track:0uqzbdh7e7lYumXGMYPpx1
Revenant - Live,Porcupine Tree,spotify:track:1vl6l0oAjXCdT3zQRaoUPT
Open Car - Live,Porcupine Tree,spotify:track:3jO7WdovxOFwMGXJJu65M1
Blackest Eyes - Live,Porcupine Tree,spotify:track:62fWRnAh9VxHUlkg5ZRt8G
Lazarus - Live,Porcupine Tree,spotify:track:7lJz9cmP7OIzBJeTa0unCQ
Hatesong - Live,Porcupine Tree,spotify:track:26WV74hMeCRZ5oljtnbpeP
Don't Hate Me - Live,Porcupine Tree,spotify:track:1DZdel4VZRFvmol7p3Cggy
Mother and Child Divided - Live,Porcupine Tree,spotify:track:61SxvmLDfsAne23v0FVjwc
Buying New Soul - Live,Porcupine Tree,spotify:track:3Ya4lnq6ioIrgtgSgJ4KV3
So Called Friend - Live,Porcupine Tree,spotify:track:4hbcFVBEbAOeVahvHNS6Ki
Arriving Somewhere but Not Here - Live,Porcupine Tree,spotify:track:7H54HiOLX6dsQruHmwd7aS
Heartattack in a Layby - Live,Porcupine Tree,spotify:track:1ygFUgwYT3wuyNj1KJpaHw
The Start of Something Beautiful - Live,Porcupine Tree,spotify:track:1mkN2Lk9YDVc65Hs7oakNp
Halo - Live,Porcupine Tree,spotify:track:19h1mrOQl3lEumWnFk6PLv
The Sound of Muzak - Live,Porcupine Tree,spotify:track:4GE4vFlhzudIEXAPYbBkAP
Even Less - Live,Porcupine Tree,spotify:track:3O5eJr77bYyi1VI7jt0C6d
Trains - Live,Porcupine Tree,spotify:track:6qxYdsNzbFv5Pp6ohkWFA6
End Credits (Mother and Child Divided) - Live,Porcupine Tree,spotify:track:2VyOipyyJwR40YONTGkwaV
Revenant - Live,Porcupine Tree,spotify:track:7gusGHyDYIgH1juIAFyC21
Open Car - Live,Porcupine Tree,spotify:track:4KbumyKYbXzj04uyaiGili
Blackest Eyes - Live,Porcupine Tree,spotify:track:7v590jxhLOsVhbV5XlTY08
Lazarus - Live,Porcupine Tree,spotify:track:3ypfAaJnLbu54hGOmxRfZZ
Hatesong - Live,Porcupine Tree,spotify:track:5jMSv7WtI0xogt7H0pcYDP
Don't Hate Me - Live,Porcupine Tree,spotify:track:29s3P0fvRb35fcvGviQRbP
Mother and Child Divided - Live,Porcupine Tree,spotify:track:2lAeMBY2KXtq9AD8BsQAb4
Buying New Soul - Live,Porcupine Tree,spotify:track:3e7j9qZnq136EuN2QjInXA
So Called Friend - Live,Porcupine Tree,spotify:track:3HnxydiWCVVSo2qO6HGTnQ
Arriving Somewhere but Not Here - Live,Porcupine Tree,spotify:track:3YrAE73pQPL2OLMjdNuFtA
Heartattack in a Layby - Live,Porcupine Tree,spotify:track:204gagaQMxLoBzoVsXCYfK
The Start of Something Beautiful - Live,Porcupine Tree,spotify:track:6dNVF08TkF5SBK8va4Fymr
Halo - Live,Porcupine Tree,spotify:track:5m66S9zCQSM9MdeTUY6Kg2
The Sound of Muzak - Live,Porcupine Tree,spotify:track:1LFZzmeiVySn3dlpPiANzD
Even Less - Live,Porcupine Tree,spotify:track:2P33ANHeYJRdaRVgTbA1tU
Trains - Live,Porcupine Tree,spotify:track:5szs7PKH2stESH5cDYm62O
End Credits (Mother and Child Divided) - Live,Porcupine Tree,spotify:track:6mgsR7TeduWm3Ig7Qykx7c
Deadwing,Porcupine Tree,spotify:track:3bMOacTaVKx011srp9mHCr
Shallow,Porcupine Tree,spotify:track:66f7ndlhlW5XMZrmnAy7H7
Lazarus,Porcupine Tree,spotify:track:53PCsZ23I1bG1NSFFuUYuX
Halo,Porcupine Tree,spotify:track:0MNH1X1QGSuGyuvHhADEf4
Arriving Somewhere But Not Here,Porcupine Tree,spotify:track:0dm3KyleAwe6L4oEEyPm5m
Mellotron Scratch,Porcupine Tree,spotify:track:6K5seGWP5M4lD5Kin2qwAT
Open Car,Porcupine Tree,spotify:track:5xYfuYyLl2rsnjPJOdmJiZ
The Start of Something Beautiful,Porcupine Tree,spotify:track:0cvUHzX1zEGG7bJ0fI2H7u
Glass Arm Shattering,Porcupine Tree,spotify:track:0OkDcowHmFugIHBGdgfXFe
Deadwing,Porcupine Tree,spotify:track:6us1MSxEvRjJVD3ZZILYZj
Shallow,Porcupine Tree,spotify:track:36BI9UfUU1AvI2mzgPXOL9
Lazarus,Porcupine Tree,spotify:track:1EL8X3XUO27bksrv9cLvXE
Halo,Porcupine Tree,spotify:track:7lqZVOSl9uDx8l2TwxkLnV
Arriving Somewhere But Not Here,Porcupine Tree,spotify:track:1w4hNYAyebg75ltxpiJa4A
Mellotron Scratch,Porcupine Tree,spotify:track:4JVF8B4l0qWRnfbwsEC4us
Open Car,Porcupine Tree,spotify:track:7lof1Y18CJZ9fGXRKiLfRR
The Start of Something Beautiful,Porcupine Tree,spotify:track:4Dx3aH0Dx9cH06fZpMrIEb
Glass Arm Shattering,Porcupine Tree,spotify:track:4788NyHT8fy9PVvZslR0wi
Blackest Eyes,Porcupine Tree,spotify:track:2WObDBPZ4UZ8yBBf1R41QL
Trains,Porcupine Tree,spotify:track:5lBQ3mnWsYIt5aCdgz1U9n
Lips Of Ashes,Porcupine Tree,spotify:track:1UrogDOQaZOJbeiGDGqGwm
The Sound Of Muzak,Porcupine Tree,spotify:track:3OMCZSG5TbqJBKKRmtJciA
Gravity Eyelids,Porcupine Tree,spotify:track:49vKZifxRayUeUQ0TIEX0l
Wedding Nails,Porcupine Tree,spotify:track:4jiUX9HRDTbTgEIGHDarfr
Prodigal,Porcupine Tree,spotify:track:013rp6MswL21Cq25JorvOI
.3,Porcupine Tree,spotify:track:3dPmG97SN3qgYlkBA205x8
The Creator Has A Mastertape,Porcupine Tree,spotify:track:2YF8IpCJWnrT0pZgZzehgH
Heartattack In A Layby,Porcupine Tree,spotify:track:4w1Glgl6RJUg7PPn4vWGlo
Strip The Soul,Porcupine Tree,spotify:track:7ajEtAFkT5vPxx1YTePSz2
Collapse The Light Into Earth,Porcupine Tree,spotify:track:31ZT15OJPYjl1kqLeWssC9
Blackest Eyes,Porcupine Tree,spotify:track:60WI0RpQhFyXuyPvrPPFiH
Trains,Porcupine Tree,spotify:track:1HfVdg6TNKHtpsMPc07HTO
Lips Of Ashes,Porcupine Tree,spotify:track:1HnffYBxZjjqPx8aeiWhZk
The Sound Of Muzak,Porcupine Tree,spotify:track:4QjDEMmKqBIbMCBETddJ3x
Gravity Eyelids,Porcupine Tree,spotify:track:1BGRJLcfQ4P3PycdfsKKIG
Wedding Nails,Porcupine Tree,spotify:track:40eosDOhkDzcO0RIgJMtdY
Prodigal,Porcupine Tree,spotify:track:2CjExIhGEyHCSHuqAdx5SJ
.3,Porcupine Tree,spotify:track:28NJbBPk0ggVksbEsCfWgm
Unchain My Heart,Undertakers,spotify:track:4f1wSAZdoZavlJEMKeimBB
I'll Be Gone,The Opposite Six,spotify:track:57bRirRj6bujhwD1jxIJW6
She's My Baby,The Mojo Men,spotify:track:7Li0IypXXwh0H1MGzpk93b
Don't Miss the Turn,Trees,spotify:track:0i0DCHlkJzm5nbzyJTugTC
Gloria,Shadows Of Night,spotify:track:2aSChaZFniCbiG5PztsACP
Put the Clock Back on the Wall,The E Types,spotify:track:5xUGHCoU2bnxJvRUDRPvb2
"Love of Mine (7"" Version)",The Ones,spotify:track:3sIMr9aTggi6aovZUDBbD5
Kick Me,Ray Columbus & The Art Collection,spotify:track:2a8xX3ZZwyZTxdjtF4hbwp
Tell Me,Barefacts,spotify:track:7DHGZmBKEPFHl9ntfo2j7J
Last Time Around,The Del-Vetts,spotify:track:0HT3wyWVnquHYvM8AmZPpt
Only Everything,Peter & The Wolves,spotify:track:5o9d5J2JxXRf3y2kxmK3sl
"Hey, Hey",The Sound Barrier,spotify:track:4llFO26VF7XF2S6h5Oaqxd
Off the Hook,The Mojo Men,spotify:track:361BTsNvybfDDRfgIz5Odv
I'm Ready,The Little Boy Blues,spotify:track:7bmbrtXFu4IDqhfOLw8HUP
She Needs Me,Grains Of Sand,spotify:track:6bMvEoKPvzDit75cAMFAuF
Count Black,The Purple Underground,spotify:track:023d8BBZDtoOONM3VFeioM
The Trip,Kim Fowley,spotify:track:6v4RY2NnhX6HVolA96PxjL
A Someday Fool,MG & The Escorts,spotify:track:5zhfTjugrITGWZpXw50TFp
I'm Gonna Go Now,Wrong Numbers,spotify:track:0H7Q8KMXGsMOmUun9Jv6c5
Mod Threads,Glas Managerie,spotify:track:2wS0YByYhoJx8wYb8yv54o
It's Trash,Cave Men,spotify:track:2uxpIzGoZsuaCGqGyCSA6t
You Lied to Me Before,Trez,spotify:track:4Me9SNhSgi56ML8rOwq7sp
Don't Play with Me,The 3rd Evolution,spotify:track:2KkeVGyymQFqU67ve8vSik
Woman You're Breaking Me,Groop,spotify:track:70Yf2aM9Zld97VwuTssKP4
I'm Blue,The Kinetics,spotify:track:28k2bHqinTFAJK6xtiKB5M
Bad Woman,Fallen Angels,spotify:track:3J0ihZ3K0u3zTbCzfhyeeJ
Powered by Love,Powered By Love,spotify:track:5AoSWFt6tNQ59VPYuPKx0I
That's Your Problem,Lance Fox & The Bloodhounds,spotify:track:2BocFSQmQ3E2SWhg56eli8
Seventeen Tears to the End,Liverpool Set,spotify:track:6UXKbx4lisTLV2cExtI6kC
The Great Train Robbery,The Little Boy Blues,spotify:track:40fBSwa6dTNAg04zjuHwKH
1517,The Whitest Boy Alive,spotify:track:6BUTNN55unuERHJmH26446
Gravity,The Whitest Boy Alive,spotify:track:5pvEQOrcSyXyVDaTDCdrGf
Promise Less Or Do More,The Whitest Boy Alive,spotify:track:5iuXAbs2MjaCwQvXBu42Oi
Dead End,The Whitest Boy Alive,spotify:track:5bwype0xr6wa63tac9NP0P
Island,The Whitest Boy Alive,spotify:track:0iDc87vKsagSFo5QULTfix
Burning,The Whitest Boy Alive,spotify:track:3Sa3BLllDDw05udxXlba8p
Golden Cage,The Whitest Boy Alive,spotify:track:6L4ZU09mKnKaPq25xWHht6
Fireworks,The Whitest Boy Alive,spotify:track:5oJdkQopeXuGaQRvnE9Sbi
Done With You,The Whitest Boy Alive,spotify:track:7uV0AMmMQUgeIgqtLzRwmP
Don't Give Up,The Whitest Boy Alive,spotify:track:4MFwtEC1JG6XOjOkMvV9kt
Above You,The Whitest Boy Alive,spotify:track:3en0ibPV38IiqQvVFEn2oA
Inflation,The Whitest Boy Alive,spotify:track:6jtc6P3WPekv9u0xXfjQGF
Figures,The Whitest Boy Alive,spotify:track:3bwkL2u8y2uVf8OnK1Yhs3
Borders,The Whitest Boy Alive,spotify:track:0BRuZ8jS62VEWFWe9qJEa0
All Ears,The Whitest Boy Alive,spotify:track:4vGNVwKY19puBFT6aHpeJh
Burning,The Whitest Boy Alive,spotify:track:5hNqD8yyT3TTqp7mhh3pp3
Golden Cage,The Whitest Boy Alive,spotify:track:7aV99kydhLIM0leF1UoR3C
Fireworks,The Whitest Boy Alive,spotify:track:2S2m3ggxSeWjzbtt3sXpde
Done With You,The Whitest Boy Alive,spotify:track:69t1rWKNOY0F3VxH1MK1Rp
Don't Give Up,The Whitest Boy Alive,spotify:track:0ttYx6iRkDO8Qxn3UUOmSL
Above You,The Whitest Boy Alive,spotify:track:0OcFJgN1WDqPPx9rar8jUL
Inflation,The Whitest Boy Alive,spotify:track:4Zh4VFeB0BKiMcJcdCaLlN
Figures,The Whitest Boy Alive,spotify:track:3TZ1QUvID1YgFw1bV6dy11
Borders,The Whitest Boy Alive,spotify:track:2I97XdPsDg58OXxJ5plHNe
All Ears,The Whitest Boy Alive,spotify:track:4IbnVN4M3cYqcw0upOzAPN
1517 - Morgan Geist Remix,The Whitest Boy Alive,spotify:track:2ju1NIHDcM4EYmjU2RaYD1
1517,The Whitest Boy Alive,spotify:track:0EmOb7A7yHrofO481KRIpz
1517 - Instrumental,The Whitest Boy Alive,spotify:track:6bAmU7BVaiaqGjqNoNEcCD
1517 - A Cappella,The Whitest Boy Alive,spotify:track:3MNA27Zkffd0KnNvhyGBCl
1517,The Whitest Boy Alive,spotify:track:27DY6stVlTf9S7d0Lsan5t
1517,The Whitest Boy Alive,spotify:track:0UDoZ0V6a3CejLo9eW9q6a
1517,The Whitest Boy Alive,spotify:track:5DDzN7NqjH22XNN50eYwWY
I Believe,Simian Mobile Disco,spotify:track:6LtwoA7VvsRSWOlnjRCnGh
Frantic,The Lovely Feathers,spotify:track:1EObu7fiSvIJAaSRa7m24y
Trash,The Whip,spotify:track:4OdPPELEMrU0nKNUWKhFzx
Youth Alcoholic,Fox N' Wolf,spotify:track:6Qw9u6n66RdSJgFVmBjoy5
Gravity's Rainbow - Van She Remix,Klaxons,spotify:track:0UOq9I2TUPEvUakR2lSvUH
Home Wit U,Freeform Five,spotify:track:3qalmQGXHTIQUUOWLTXOew
Feel Good - TV=OFF,Boys Noize,spotify:track:7dWuiICG5zm9b3RRLi9QTJ
Standing in the Way of Control - Soulwax Nite Version,Gossip,spotify:track:2r8UM1VLBNHt4frOJTjhtG
So Not Over You,Simply Red,spotify:track:4z2KkB4qUfGdSjG0U7b5xa
Stay,Simply Red,spotify:track:6ymsxsSB3QypEjwsrybUdN
They Don't Know,Simply Red,spotify:track:6GnDIPq0h23eWq63JdXqO0
Oh! What A Girl!,Simply Red,spotify:track:4cvALBuKXdo4L26WkIrygT
Good Times Have Done Me Wrong,Simply Red,spotify:track:64hvbhuKi2HaTdkaTAS7UY
Debris,Simply Red,spotify:track:6C6SKVW7YY0hGPnmUJ0l1W
Lady,Simply Red,spotify:track:6aygMDGcSLldSitOLGbbih
Money TV,Simply Red,spotify:track:1RysJaKny3SISAS441LptW
The Death Of The Cool,Simply Red,spotify:track:16L3BcQUb0G6zDknQZMtu5
Little Englander,Simply Red,spotify:track:0fkgZXA3bQbOalfF3FvAoM
The World and You Tonight,Simply Red,spotify:track:7HtlugnDWNrH3v2hsXLh1f
So Not Over You,Simply Red,spotify:track:4FYIUm2KMauied6ZQ7dYpW
Stay,Simply Red,spotify:track:54dI1cpiyjHj7hKwNittVP
They Don't Know,Simply Red,spotify:track:5PXRAslh5z0l2z9IOxnNCK
Oh! What a Girl!,Simply Red,spotify:track:70eHKNA4sAWIeWy549Q8qH
Good Times Have Done Me Wrong,Simply Red,spotify:track:4lZTJmqF1jqLMERpw3ztjw
Debris,Simply Red,spotify:track:2zB5ePjKJTzsHl0WJ9yFDO
Lady,Simply Red,spotify:track:64BJTCGZTSPH3I7Z2xyjX0
Money TV,Simply Red,spotify:track:6aBOntbnqZBLPA6R84ZJeQ
The Death of the Cool,Simply Red,spotify:track:4Zlypkd5b7UTmo7c3xPMlG
Little Englander,Simply Red,spotify:track:0yAxizaP95UEiQhxIczK6w
The World And You Tonight,Simply Red,spotify:track:1WiAlFHDfJVmHBNm9jb3zg
So Not Over You,Simply Red,spotify:track:1W6ApLtXCf042n71aEH0ad
Stay,Simply Red,spotify:track:3F0Hds0xQcCWNempXLnp5B
They Dont Know,Simply Red,spotify:track:1otNV9P4I5UpfUqJQMh1LY
Oh! What A Girl!,Simply Red,spotify:track:5PD1IyrEdg9ALjTKp3NAGZ
Good Times Have Done Me Wrong,Simply Red,spotify:track:4XkrNc3Dh48hyhD4mzBQaV
Debris,Simply Red,spotify:track:6fZ8xwcl3yfUTJEFNEMjD6
Lady,Simply Red,spotify:track:43KNRxJQfLcbPkdlumjeuT
Money TV,Simply Red,spotify:track:7krypcWLYssgxfjqJegahV
The Death Of The Cool,Simply Red,spotify:track:1KZJ6V4x1jRDbqwQenEvEe
Little Englander,Simply Red,spotify:track:26eFbRJZ0fKDk2FaQDowDp
The World and You Tonight,Simply Red,spotify:track:15koXI2hko43PTJsg46X8a
So Not over You,Simply Red,spotify:track:1p01LDyGJSeIiXRXgBIFrD
Stay,Simply Red,spotify:track:6ad2XhEvzq7nTWzxyuXm0v
Last Nite,The Strokes,spotify:track:78chqvzuLt8SewW28b3WJP
Hard To Explain,The Strokes,spotify:track:01c2KAb4JOB4uchgl3C1y0
New York City Cops,The Strokes,spotify:track:2axOlCxttBIfLqGe13b9QP
Trying Your Luck,The Strokes,spotify:track:2IKgM8fKIKUXVsARYL4FFW
Take It Or Leave It,The Strokes,spotify:track:6PewkOrleOewXJToFineJ2
Is This It,The Strokes,spotify:track:2pAD0PKMUMtxlMvz33tYzB
The Modern Age,The Strokes,spotify:track:1EsgUWQsxGBwnu3NATDjiU
Soma,The Strokes,spotify:track:7G8hUONVhvJnkD3Ak8mNF1
Barely Legal,The Strokes,spotify:track:4KC2Z9dL4jL61Ys35N6srg
Someday,The Strokes,spotify:track:56NkIxSZZiMpFP5ZNSxtnT
"Alone, Together",The Strokes,spotify:track:4pXyK9GW7fuT645U0DLYYF
Last Nite,The Strokes,spotify:track:7kzKAuUzOITUauHAhoMoxA
Hard To Explain,The Strokes,spotify:track:2LMloFiV7DHpBhITOaBSam
New York City Cops,The Strokes,spotify:track:7xuu4ByQkm8qhnwJQk994r
Trying Your Luck,The Strokes,spotify:track:37cb7mzkQKksGm0noGDXeh
Take It Or Leave It,The Strokes,spotify:track:0J2OnBNKwt0KICDyDFPUvl
Is This It,The Strokes,spotify:track:0jBE7Fn78EAvmIs3dCd6GO
The Modern Age,The Strokes,spotify:track:1420BGhbXGkIJtbtBlfpYE
Soma,The Strokes,spotify:track:6gU7ohksNd6LsEJMWfDRhp
Barely Legal,The Strokes,spotify:track:21Ay8Y9Pr91nSauPGtK6MW
Someday,The Strokes,spotify:track:7hm4HTk9encxT0LYC0J6oI
"Alone, Together",The Strokes,spotify:track:4UmJMAY5TqXPAnsDW1Mci7
Last Nite,The Strokes,spotify:track:3SUusuA9jH1v6PVwtYMbdv
Roll Wit Me,Co-Ed,spotify:track:6B9VYGJ831OV5LVMS1KfL7
Roll Wit Me,Co-Ed,spotify:track:6U6CR1f04jag75p7mEaJFk
Roll Wit Me,Co-Ed,spotify:track:7ez8S6lHd7HV6ifYgMnz1g
Roll Wit Me,Co-Ed,spotify:track:78tQPYV1kBsvnW6KKep2j1
Intro,RAWA,spotify:track:3Iok3AYMrRvWFHKs1bLkaI
Kabul Waltz,ESL?!,spotify:track:3zqO6BTkvCovp1FwJLnPK8
Crucifixion Politix,Pistol Grip,spotify:track:3p2Ad9k61qx4afbcaHdQ0r
That Song,The Bouncing Souls,spotify:track:0OA9NgCBYP88Bq9uEgOf2C
Conditioned Reaction,Intro5pect,spotify:track:6zRKhla74OYTW9iHPBWTD4
911 for Peace,Anti-Flag,spotify:track:6o1lCsPOuTiHl7cAHCXrII
Flat World,East Arcadia,spotify:track:0D1DniyNtWQiiSXD0moY2i
Bomb the Strip Malls,Pinhead Circus,spotify:track:4CfcUKrdw7OFgD5eZflTKt
Progress,Co-Ed,spotify:track:7uYaSsTD1hBow4CVj4DnDq
Time for Change,Link 80,spotify:track:5NW7pKxhAz2kDYKM27qfxL
Zana Barpa! (Women Arise!) - Interlude,RAWA,spotify:track:3sxuXwULhZVyeXomscdgch
Liberation Poem/ Needs,RESIST AND EXIST,spotify:track:103TwP2rRDTqcD1lU7bgmo
It's Captured,Fobia,spotify:track:6YUbA7nXbZxuhRKmIaymiY
Smart Bomb,Chumbawamba,spotify:track:02DfAas1ZJcWWxsCLr3TcT
You Don't Own Me,Jack Killed Jill...,spotify:track:7DBlbx2ZIf2lmjGrPSfgkj
Dickholyhalo,Fleshies,spotify:track:5HgK3O0vK0zwuycFmeCMYb
They Improve Ideas,The Thumbs,spotify:track:4cK2qQ58nzVDzC9tDyNhTV
In My Nightmare,The Frisk,spotify:track:4AxLB5lHd8nJ60gmgGhvyI
Big Deal Get Real,Iowaska,spotify:track:5LxLukHpB413wDoxSXJrKU
Kill a Generation,The Voids,spotify:track:0kx7EvJGPr9ZI5KuOoD0Ce
The Myth,Armistice,spotify:track:681D8Ize4UN4TSGfkejXxj
Loud Enough to Make Your Ears Bleed,Bikini Bumps,spotify:track:2pwL5jiV8keRsh8gPT2NwQ
Karl Marx and History,Randy the Band,spotify:track:31wmTcpbFUWseW6OrlwV75
Face Off - Intro,Pastor Troy,spotify:track:2ZWM2vyVkPuMZ5bUKbvuiK
This Tha City,Pastor Troy,spotify:track:16tz853VzppMWbUCEAmim5
Frame Me,Pastor Troy,spotify:track:3dOZdjhZVasrKLeD9CpgIw
My N***az Is The Grind,Pastor Troy,spotify:track:67bv72MZrFKgS3akGqzDB2
Move To Mars,Pastor Troy,spotify:track:0LwiwKoE7LXCcqkhtiYyrp
I'm Made,Pastor Troy,spotify:track:0111SO33NWsoBPvNh72uPo
Can You Stand The Game,Pastor Troy,spotify:track:48r9hLMZF0Gqvfs40cdGZY
Throw Your Flags Up,Pastor Troy,spotify:track:2poeTeH4ystQaVualzuBrk
Vica Versa,Pastor Troy,spotify:track:0lHA3RTDUkwzcbV7QIYeOF
No Mo Play In GA,Pastor Troy,spotify:track:0AJX0uEVupXVbAstdzgsgj
Rhonda,Pastor Troy,spotify:track:2SOuO9JYyP3DaIP5I1JvsS
Eternal Yard Dash,Pastor Troy,spotify:track:1PxZpJDgIOjAbtoCngnECH
Prayer,Pastor Troy,spotify:track:0jrmZxwsY3k76y9E6z0oOj
Oh Father,Pastor Troy,spotify:track:6tzmYJgnYu0abeoRFDNxX1
Face Off - Intro,Pastor Troy,spotify:track:0Oil6kkdSw9BgVgY1V4gvF
This Tha City,Pastor Troy,spotify:track:1xXYNHBzGnnZ5KccI1lGOP
Frame Me,Pastor Troy,spotify:track:64ZQaH3DHukG0WCoHP85Ii
My Niggaz Is The Grind,Pastor Troy,spotify:track:1p0U6jAwDeG2kkcuPfLZy3
Move To Mars,Pastor Troy,spotify:track:2b8jcD9YQVYJs7EZfETorz
I'm Made,Pastor Troy,spotify:track:0XMpGRmddrZ9k8AMEnHOvu
Can You Stand The Game,Pastor Troy,spotify:track:7sMeay8vqCfPqIg7L0IvqG
Throw Your Flags Up,Pastor Troy,spotify:track:1kclc7GWCpMUHb9U6JkGp7
Vica Versa,Pastor Troy,spotify:track:6KoK723c5pmYKiHvH69JDr
No Mo Play In GA,Pastor Troy,spotify:track:76qw4ilmGDS7DAHsXBh9FJ
Rhonda,Pastor Troy,spotify:track:3CsDUbMVFD1KZqzuNbnwru
Eternal Yard Dash,Pastor Troy,spotify:track:4Hr0CZm0h4J5kgfvYO2218
Prayer,Pastor Troy,spotify:track:1GlxgfKxLgeXO424wImwDQ
Oh Father,Pastor Troy,spotify:track:2HPe9iWJUr4CPPsm5vgsoD
A New Chapter,Whippersnapper,spotify:track:3Q19p3r8RWQPfK2D65tRjb
You Moron,The Masked Animals,spotify:track:38Jndk9PPL2gY6lCb41Rhe
Happiness Is All The Rage,The Promise Ring,spotify:track:5l8u2KL1Ta7kibnfJbmQXR
Spinnin' Round,Disraeli,spotify:track:35NiNpB316NOd7lTNRj6KB
What Will the New Day Bring?,Disraeli,spotify:track:5lXB9VehJmZmVCtSqYrIya
White Collar House,Epics,spotify:track:1luGDNRnrFDMSpKuYWVneo
She Believed In Me,Epics,spotify:track:5f3fSiOM4ef0wUY5AYbCwy
Time Don't Mean So Much,Esquires,spotify:track:3DWSVJ4Iqc2zPWplSDtPgF
Summertime,Esquires,spotify:track:36QGGxyhtWgIg7jJsRSu59
Gertrude,Fabulous Prophets,spotify:track:191zbpjVK6wmggY1kFBnF5
Another Girl,Fabulous Prophets,spotify:track:6AOl0SNt2rLSEXcvuiBPlu
She's Mine,Intruders,spotify:track:06RB2Fy2poBCACX0PUho4P
Now That You know,Intruders,spotify:track:0zUsLHUepkzFbRLSSSVTgK
Do You Understand Me,Jujus,spotify:track:4zIrGrTUAhxJ3NNKzO9cXn
I'm Really Sorry,Jujus,spotify:track:4dRu4NdJfYnCRBzgy0KEoA
Where Are You,Kyks,spotify:track:1tqhbulIh3n3xk9KXcc9Sw
"Lady Greengrass (7"" Version)",The Ones,spotify:track:0Odkx6DCCEIaUYc9XwXyn1
Mister Genie Man,Society's Children,spotify:track:64bzTQuTQgGE2t3VYxaObR
I'm Down Today,The Drones,spotify:track:1IiaLPfBo4Wbt4jhsx8j2R
Summertime Blues Live,Blue Cheer,spotify:track:0BWGx9Zi9JhUZRUEpkSEM1
That's Tuff,The Shademen,spotify:track:6JVpvEgxMLxxuvqgZC8geR
Someday Baby,The Untamed,spotify:track:6zxIM7gHsIaOJbSr3RsXOz
I'm a Nothing,The Magic Plants,spotify:track:4RiKbu2sRpOWdtTi7zHHlX
Action Woman,The Litter,spotify:track:0We1YjSbxUsUoFBNJQ6DPN
Hey Mama,Peter & The Wolves,spotify:track:0V2ksQtBcxjBtuG1rGFrFD
The Other Way Round,The Heathens,spotify:track:7Dv2avzwxBPBXD9RANi031
Kick out the Jams (Original Uncensored Version 1968),MC5,spotify:track:5uw7mLpIT9FhBvSlF4IRYG
Alright,The Legends,spotify:track:5fC5tEVMYNPXfhegzRrmEk
Planets Collide,Crowbar,spotify:track:4N6Ybkc3ElERrcSWZos2eP
...and Suffer As One,Crowbar,spotify:track:0Reu9v6eDHveNRCPN4Ew3F
1000 Year Internal War,Crowbar,spotify:track:317zaqN2660ImlUsc6g1M6
To Carry the Load,Crowbar,spotify:track:6BY3L1mEXOrUkIuuZMt0dc
December's Spawn,Crowbar,spotify:track:3IAv3M8NSmwP5u5rJzZRp5
It's All In the Gravity,Crowbar,spotify:track:1cnOxkuIjfCutzDb9CehSZ
Behind the Black Horizon,Crowbar,spotify:track:6zR0sFl4kVeL7gk3mPipeD
New Man Born,Crowbar,spotify:track:6apc4UQrz5VFCl0dVaR9BT
Scattered Pieces Lay,Crowbar,spotify:track:1xUmrc4mMNg0rToFJveNlX
Odd Fellows Rest,Crowbar,spotify:track:3n5HiFiHQx8nCOLlwYdJe1
On Frozen Ground,Crowbar,spotify:track:5DhLFUOHJDREGtlbqx9AKg
Remember Tomorrow,Crowbar,spotify:track:5mstGGUiBdXvzxyfAIY2QL
Intro,Crowbar,spotify:track:3cd0dqKFhYcIDQCXY7pTwO
Planets Collide,Crowbar,spotify:track:4cq7K9q3HgY3lQANNssygF
...and Suffer As One,Crowbar,spotify:track:5XdBS1RiLSOBavMBJZHQqa
1000 Year Internal War,Crowbar,spotify:track:1y8Uk1Dp4WBTEmaqs9a2yG
To Carry the Load,Crowbar,spotify:track:5NlbccSz8syX3mBLqxFxAx
December's Spawn,Crowbar,spotify:track:0xCOWBM5hFUBIGyzVLB6bt
It's All In the Gravity,Crowbar,spotify:track:07Jg8UClJ2DmmItqzFhoXu
Behind the Black Horizon,Crowbar,spotify:track:6D6bnVry71MYpb07Y745Lq
New Man Born,Crowbar,spotify:track:3ZgJz6W6O7Bv2thXj80c6A
Scattered Pieces Lay,Crowbar,spotify:track:0OMG3KLWar2iTZozkPz0xq
Odd Fellows Rest,Crowbar,spotify:track:2EFB5R9MULanshsHLFqJaC
On Frozen Ground,Crowbar,spotify:track:7bt7zL0Ad4iVrPCUCQUNj7
Remember Tomorrow,Crowbar,spotify:track:75KiTONd4Xbf7jRZqfBbBm
Back For More,Lawsome & Four More,spotify:track:6eZxdQ6b0fSDUHWH4MUbWk
Soul Kitchen,Lime,spotify:track:6yzeyTkBZmRXIrGCRhFLKy
Love a Go-Go,Lime,spotify:track:0rudVzCbUc2vrv6IzJ2kuG
Since I Met You,The Marauders,spotify:track:3jydGKQsVpCPai542F7LXk
I Don't Know How,The Marauders,spotify:track:4t1K3gk2pqK2uyghw2L2vG
Hey Girl!,Thee Saints & The Prince of Darkness,spotify:track:2PCJE4BnbOeLia2kX4l4lg
Running Away From You,Thee Saints & The Prince of Darkness,spotify:track:4kqvPtBt9vvrH5UYtyPFrP
Help Me,Sirs,spotify:track:5CjfQL6ESF53qQDejRDHKG
Off In a Day Dream,Sirs,spotify:track:36gIxDgkWEAY7YxzLwy4to
Hey Joe,Soulbenders,spotify:track:6TUxPiocv8T0Twz8mNWeLR
I Can't Believe In Love,Soulbenders,spotify:track:7EMLbQA2ZUg8YdgbD6gHyb
Stupid Girl,Trolls,spotify:track:6xjSaZym3glYOsaBPWcYD4
I Don't Recall,Trolls,spotify:track:0PfnBH4PTdvtov2xp4vIPi
Young Blues,Vagrants,spotify:track:4nJVQedX3nDGiMhnIdiOPa
I Can't Make a Friend,Vagrants,spotify:track:6I0nGzmQLauUGkHNLblhQs
I'll Go Crazy,Fax,spotify:track:3jP3nh3p0DIQFeR8LOLhzN
If I Needed Someone,Lost and Founds,spotify:track:4piZJV7pNi03RpI5N8tGHT
Coming Down (To You),Boy Blues,spotify:track:5qZlt8zCC35NRc9DPEGoIr
Living Child,Boy Blues,spotify:track:45eWmi3t7NyjWXq1PHs08h
Got Love If You Want It,Bush,spotify:track:0girFZ0BT9pvCGJ2YncmT3
Feeling Sad and Lonely,Bush,spotify:track:250h0mRF6CF9SJeCErYPsH
I'm Gonna Tell on You,Cardinals,spotify:track:6gceOXtSOl4Gje92utJhzD
When You're Away,Cardinals,spotify:track:006T0RfqbZZ6PbMyDhJFnl
Circles,Chesmann Square,spotify:track:7K7Vh8eOFZodBe819FkhP4
I'm Not Alone,David,spotify:track:6KB8kYDOOAeJfp8S0duu8g
Sweet December,David,spotify:track:6YM5Ev1nU9VXjUsyjB44hU
Boris the Spider,The Kords,spotify:track:2S8Of9qFsFeJALgafjEDIl
On the Road Again,Deverons,spotify:track:67iaKetIeidETuNsP0yiQU
Lovin' Cup,Triumphs,spotify:track:0sn87X2Ff5gxqSTXgNOYjBe
Saturday Night,The Country Gentlemen,spotify:track:0xkW9uyT7Kg8tsrVepeud3
Searching,The Omens,spotify:track:0BnQt1c6uFq5DAbw2wquwT
Pretty Little Thing,Deepest Blue,spotify:track:4XeoKkK8UPK0DkEvB0tets
I'm Gonna Dance,Decades,spotify:track:05WEWLuM2pQVpVRlMyoX0U
Somewhere They Can't Find Me,Alliance,spotify:track:2OQ2v8ynKfQ8dznK94A2mG
(I'm Not Your) Steppin' Stone,Alliance,spotify:track:5W6OM9szepggHLaQlbU7tk
Can't Tame Me,The Benders,spotify:track:5Gq0WZHZgvn90gjiHgHXuZ
Got Me Down,The Benders,spotify:track:3rpMxxrjLxtZLC2lElHVD1
That's the Way Life Is,Cirkyt,spotify:track:2Zx9oqaCpSDLRlo55UEPWZ
Six Page Letter,Cirkyt,spotify:track:4ZYPbo724S9DmFoIlfnBGz
God Is Alive In Argentina,Doppler Effect,spotify:track:6fvGMGCuWr6UnrrqkNrlac
Memphis Woman,Doppler Effect,spotify:track:2X1AX8jZbEMZ7dUHtehckD
Total Raunch,Intruders,spotify:track:5RikprAAR8N4dI1e0e1Ldh
Ruins,Intruders,spotify:track:2C6m3enAoHWVmpFexHn3C3
If You Want Me You Can Find Me,Lawsome & Four More,spotify:track:7alYqS5ta6RcOjfNsW0W1I